Date,PrecipTotal,StnPressure,ResultSpeed,ResultDir,VCTS,RA,HZ,BR,FG,DZ,TSRA,TS
2007-05-01,0.0,29.1,1.7,27,0,0,0,0,0,0,0,0
2007-05-02,0.0,29.38,13.0,4,0,0,0,1,0,0,0,0
2007-05-03,0.0,29.39,11.7,7,0,0,0,0,0,0,0,0
2007-05-04,0.005,29.31,10.4,8,0,1,0,0,0,0,0,0
2007-05-05,0.005,29.4,11.7,7,0,0,0,0,0,0,0,0
2007-05-06,0.0,29.57,14.4,11,0,0,0,0,0,0,0,0
2007-05-07,0.005,29.38,8.6,18,0,1,0,0,0,0,0,0
2007-05-08,0.0,29.29,2.7,11,0,0,0,1,0,0,0,0
2007-05-09,0.13,29.21,3.9,9,0,0,1,1,0,0,0,0
2007-05-10,0.0,29.2,0.7,17,0,0,0,1,0,0,0,0
2007-05-11,0.0,29.33,11.3,3,0,0,0,0,0,0,0,0
2007-05-12,0.0,29.49,12.4,3,0,0,0,0,0,0,0,0
2007-05-13,0.0,29.49,6.6,14,0,0,0,0,0,0,0,0
2007-05-14,0.0,29.23,16.9,21,0,0,0,0,0,0,0,0
2007-05-15,0.38,29.13,8.1,27,0,1,0,1,0,0,0,0
2007-05-16,0.14,29.33,7.8,36,0,1,0,1,0,0,0,0
2007-05-17,0.0,29.55,10.5,3,0,0,0,0,0,0,0,0
2007-05-18,0.0,29.53,5.4,25,0,0,0,0,0,0,0,0
2007-05-19,0.0,29.34,11.1,24,0,0,0,0,0,0,0,0
2007-05-20,0.07,29.38,10.4,4,1,1,0,0,0,0,0,0
2007-05-21,0.0,29.33,6.3,11,0,0,0,0,0,0,0,0
2007-05-22,0.0,29.34,10.0,18,0,0,0,0,0,0,0,0
2007-05-23,0.0,29.39,11.4,19,0,0,0,0,0,0,0,0
2007-05-24,0.02,29.41,14.9,21,0,1,1,0,0,0,0,0
2007-05-25,0.005,29.51,4.9,5,0,0,0,0,0,0,0,0
2007-05-26,1.01,29.36,2.8,17,0,1,1,1,0,0,1,0
2007-05-27,0.04,29.34,8.9,26,0,1,0,1,0,0,0,0
2007-05-28,0.005,29.43,4.8,10,0,1,0,0,0,0,0,0
2007-05-29,0.0,29.39,5.8,18,0,0,1,1,0,0,0,0
2007-05-30,0.0,29.31,10.3,19,0,0,1,0,0,0,0,0
2007-05-31,0.01,29.28,9.3,19,0,1,1,0,0,0,0,0
2007-06-01,0.19,29.19,4.2,17,0,0,1,1,0,0,1,0
2007-06-02,0.04,29.03,6.5,22,0,1,0,1,0,0,0,0
2007-06-03,0.01,28.82,5.2,25,0,1,1,1,0,0,1,0
2007-06-04,0.39,28.82,7.8,31,0,1,0,1,0,0,1,0
2007-06-05,0.42,29.1,5.2,5,0,1,0,1,0,0,0,0
2007-06-06,0.01,29.07,10.8,17,0,1,0,0,0,0,0,0
2007-06-07,0.0,28.84,22.7,20,0,0,0,0,0,0,0,0
2007-06-08,0.0,29.18,10.9,28,0,0,0,0,0,0,0,0
2007-06-09,0.0,29.36,0.3,33,0,0,0,0,0,0,0,0
2007-06-10,0.0,29.34,4.8,17,0,0,0,0,0,0,0,0
2007-06-11,0.0,29.41,4.9,11,0,0,0,0,0,0,0,0
2007-06-12,0.0,29.44,8.3,5,0,0,0,0,0,0,0,0
2007-06-13,0.0,29.36,7.2,5,0,0,0,0,0,0,0,0
2007-06-14,0.0,29.3,5.6,5,0,0,0,0,0,0,0,0
2007-06-15,0.0,29.28,4.1,6,0,0,0,0,0,0,0,0
2007-06-16,0.005,29.26,4.8,28,0,1,1,0,0,0,0,0
2007-06-17,0.0,29.23,2.8,11,0,0,1,0,0,0,0,0
2007-06-18,0.28,29.12,14.0,20,0,1,1,0,0,0,1,0
2007-06-19,0.58,29.26,10.7,28,0,1,0,0,0,0,0,0
2007-06-20,0.0,29.39,7.8,27,0,0,0,0,0,0,0,0
2007-06-21,0.01,29.36,3.5,3,0,1,0,0,0,0,0,0
2007-06-22,0.005,29.33,7.8,6,0,1,0,0,0,0,0,0
2007-06-23,0.05,29.23,7.6,12,0,1,0,1,0,0,0,0
2007-06-24,0.0,29.26,7.0,9,0,0,1,1,0,0,0,0
2007-06-25,0.0,29.38,3.9,14,0,0,1,1,0,0,0,0
2007-06-26,0.16,29.39,6.1,22,1,0,1,1,0,0,1,0
2007-06-27,0.15,29.29,7.5,24,0,0,0,0,0,0,1,0
2007-06-28,0.0,29.41,11.9,3,0,0,0,0,0,0,0,0
2007-06-29,0.0,29.41,7.6,2,0,0,0,0,0,0,0,0
2007-06-30,0.0,29.41,4.9,3,0,0,0,0,0,0,0,0
2007-07-01,0.0,29.51,8.6,4,0,0,0,0,0,0,0,0
2007-07-02,0.0,29.49,5.9,14,0,0,0,0,0,0,0,0
2007-07-03,0.4,29.31,6.7,21,0,1,0,1,0,0,1,0
2007-07-04,0.16,29.18,4.6,27,0,0,1,1,0,0,1,0
2007-07-05,0.0,29.24,6.4,31,0,0,1,1,0,0,0,0
2007-07-06,0.0,29.32,3.2,5,0,0,0,0,0,0,0,0
2007-07-07,0.0,29.18,8.4,22,0,0,0,0,0,0,0,0
2007-07-08,0.0,29.05,12.9,24,0,0,0,0,0,0,0,0
2007-07-09,0.3,29.11,4.9,24,1,1,0,0,0,0,1,0
2007-07-10,0.43,29.06,8.6,23,1,0,1,0,0,0,0,0
2007-07-11,0.0,29.23,8.8,30,0,0,0,0,0,0,0,0
2007-07-12,0.0,29.22,9.4,29,0,0,0,0,0,0,0,0
2007-07-13,0.0,29.26,1.4,1,0,0,0,0,0,0,0,0
2007-07-14,0.0,29.08,8.3,26,0,0,0,0,0,0,0,0
2007-07-15,0.0,29.19,2.1,29,0,0,0,0,0,0,0,0
2007-07-16,0.39,29.25,4.4,24,0,1,0,1,0,0,0,0
2007-07-17,0.11,29.18,5.2,23,1,1,0,1,0,0,0,0
2007-07-18,1.55,29.11,9.1,24,1,1,0,1,0,0,1,0
2007-07-19,0.16,29.21,7.0,1,0,0,0,1,0,1,0,0
2007-07-20,0.0,29.44,8.6,3,0,0,0,0,0,0,0,0
2007-07-21,0.0,29.51,6.5,3,0,0,0,0,0,0,0,0
2007-07-22,0.0,29.49,1.7,16,0,0,0,0,0,0,0,0
2007-07-23,0.0,29.37,3.2,9,0,0,0,0,0,0,0,0
2007-07-24,0.0,29.32,3.1,20,0,0,0,0,0,0,0,0
2007-07-25,0.005,29.29,5.8,25,0,0,0,0,0,0,0,0
2007-07-26,0.19,29.19,7.2,22,0,1,1,1,0,0,1,1
2007-07-27,0.17,29.11,3.0,3,0,1,1,1,0,0,0,0
2007-07-28,0.0,29.23,10.0,3,0,0,1,1,0,0,0,0
2007-07-29,0.0,29.28,4.8,5,0,0,0,0,0,0,0,0
2007-07-30,0.0,29.33,3.8,6,0,0,0,0,0,0,0,0
2007-07-31,0.0,29.33,3.3,4,0,0,0,0,0,0,0,0
2007-08-01,0.0,29.29,3.5,9,0,0,1,0,0,0,0,0
2007-08-02,0.0,29.26,5.5,26,0,0,1,0,0,0,0,0
2007-08-03,0.0,29.31,2.7,3,0,0,0,0,0,0,0,0
2007-08-04,0.03,29.31,5.7,8,0,1,0,0,0,0,0,0
2007-08-05,1.43,29.08,5.4,21,0,1,1,1,0,0,1,0
2007-08-06,0.26,29.13,1.6,10,0,1,1,1,0,0,1,0
2007-08-07,1.31,29.06,6.2,25,0,1,0,1,0,0,0,0
2007-08-08,0.06,29.13,3.0,3,0,1,0,1,0,0,1,0
2007-08-09,0.05,29.13,2.5,29,0,1,0,0,0,0,1,0
2007-08-10,0.0,29.26,4.5,2,0,0,0,1,0,0,0,0
2007-08-11,0.0,29.31,3.2,19,0,0,1,1,0,0,0,0
2007-08-12,0.29,29.34,1.7,6,0,0,0,0,0,0,1,0
2007-08-13,0.0,29.39,6.2,6,0,0,0,1,0,0,0,0
2007-08-14,0.41,29.23,5.9,25,0,1,0,1,0,0,1,1
2007-08-15,0.23,29.17,3.4,7,0,1,0,1,0,0,1,0
2007-08-16,0.0,29.28,3.6,1,0,0,0,1,0,0,0,0
2007-08-17,0.0,29.41,5.9,32,0,0,0,0,0,0,0,0
2007-08-18,0.09,29.44,6.4,12,0,1,0,0,0,0,0,0
2007-08-19,1.33,29.24,6.0,10,0,1,0,1,0,0,0,1
2007-08-20,0.91,29.15,0.5,12,0,1,0,1,0,0,1,0
2007-08-21,0.005,29.21,3.8,18,0,0,1,1,0,0,0,0
2007-08-22,0.37,29.23,5.3,21,0,1,0,0,0,0,1,1
2007-08-23,2.35,29.15,9.6,21,1,1,0,1,0,0,1,1
2007-08-24,0.24,29.11,5.8,25,0,1,0,0,0,0,1,0
2007-08-25,0.34,29.23,3.0,36,0,1,0,0,0,0,0,0
2007-08-26,0.0,29.38,3.6,11,0,0,0,0,0,0,0,0
2007-08-27,0.0,29.36,6.5,17,0,0,0,0,0,0,0,0
2007-08-28,0.0,29.28,9.0,20,0,0,0,0,0,0,0,0
2007-08-29,0.005,29.34,5.6,3,0,0,0,0,0,0,0,0
2007-08-30,0.0,29.47,9.1,2,0,0,0,0,0,0,0,0
2007-08-31,0.0,29.47,3.9,4,0,0,0,0,0,0,0,0
2007-09-01,0.0,29.49,4.2,11,0,0,0,0,0,0,0,0
2007-09-02,0.0,29.41,4.2,21,0,0,0,0,0,0,0,0
2007-09-03,0.0,29.36,2.0,27,0,0,0,0,0,0,0,0
2007-09-04,0.0,29.28,2.8,22,0,0,0,0,0,0,0,0
2007-09-05,0.005,29.24,6.4,19,0,1,0,0,0,0,0,0
2007-09-06,0.18,29.21,11.9,20,0,1,1,0,0,0,0,0
2007-09-07,0.19,29.15,10.4,23,0,1,1,1,0,0,1,0
2007-09-08,0.0,29.3,6.0,5,0,0,0,0,0,0,0,0
2007-09-09,0.0,29.36,9.2,3,0,0,0,0,0,0,0,0
2007-09-10,0.36,29.3,7.2,2,0,1,0,1,0,0,0,0
2007-09-11,0.005,29.2,11.7,29,0,0,0,0,0,0,0,0
2007-09-12,0.0,29.4,1.8,3,0,0,0,0,0,0,0,0
2007-09-13,0.0,29.23,8.3,19,0,0,0,0,0,0,0,0
2007-09-14,0.0,29.36,12.1,32,0,0,0,0,0,0,0,0
2007-09-15,0.0,29.56,1.4,33,0,0,0,0,0,0,0,0
2007-09-16,0.0,29.46,6.8,18,0,0,0,0,0,0,0,0
2007-09-17,0.0,29.39,11.7,17,0,0,0,0,0,0,0,0
2007-09-18,0.0,29.34,12.9,19,0,0,0,0,0,0,0,0
2007-09-19,0.0,29.41,5.0,26,0,0,0,0,0,0,0,0
2007-09-20,0.0,29.39,5.3,7,0,0,0,0,0,0,0,0
2007-09-21,0.0,29.18,10.3,21,0,0,1,0,0,0,0,0
2007-09-22,0.0,29.42,2.6,3,0,0,0,0,0,0,0,0
2007-09-23,0.0,29.43,4.6,13,0,0,0,0,0,0,0,0
2007-09-24,0.0,29.27,11.4,19,0,0,0,0,0,0,0,0
2007-09-25,0.27,29.23,7.9,23,0,1,0,0,0,0,0,1
2007-09-26,0.09,29.31,4.3,1,0,1,0,0,0,0,0,0
2007-09-27,0.005,29.26,4.9,24,0,0,0,1,0,0,0,0
2007-09-28,0.0,29.47,2.3,4,0,0,0,0,0,0,0,0
2007-09-29,0.0,29.5,9.5,17,0,0,0,0,0,0,0,0
2007-09-30,0.14,29.36,14.4,19,0,0,0,1,0,0,1,0
2007-10-01,0.29,29.28,6.1,22,0,1,0,1,0,1,0,0
2007-10-02,0.09,29.18,10.8,19,0,1,0,1,0,0,0,0
2007-10-03,0.0,29.28,5.9,26,0,0,0,0,0,0,0,0
2007-10-04,0.0,29.34,3.9,17,0,0,1,0,0,0,0,0
2007-10-05,0.0,29.36,7.0,17,0,0,1,0,0,0,0,0
2007-10-06,0.0,29.33,6.9,20,0,0,0,0,0,0,0,0
2007-10-07,0.0,29.31,5.2,19,0,0,0,0,0,0,0,0
2007-10-08,0.0,29.23,7.7,24,0,0,0,0,0,0,0,0
2007-10-09,0.0,29.21,11.5,28,0,0,0,0,0,0,0,0
2007-10-10,0.005,29.21,15.1,31,0,1,0,0,0,1,0,0
2007-10-11,0.0,29.28,11.9,36,0,0,0,0,0,0,0,0
2007-10-12,0.0,29.28,3.4,35,0,0,0,0,0,0,0,0
2007-10-13,0.0,29.31,2.7,20,0,0,0,0,0,0,0,0
2007-10-14,0.15,29.34,5.6,11,0,1,0,0,0,0,0,0
2007-10-15,0.07,29.21,4.1,14,0,1,0,1,0,0,0,0
2007-10-16,0.24,29.16,6.4,21,0,1,0,1,0,1,0,0
2007-10-17,0.04,29.07,9.3,14,0,1,1,0,0,0,0,0
2007-10-18,0.3,28.59,17.2,19,0,1,0,1,0,0,0,0
2007-10-19,0.01,28.75,16.2,24,0,1,0,1,0,0,0,0
2007-10-20,0.0,29.02,10.9,21,0,0,0,0,0,0,0,0
2007-10-21,0.0,29.08,18.0,20,0,0,0,0,0,0,0,0
2007-10-22,0.16,29.26,5.2,36,0,1,0,1,0,1,0,0
2007-10-23,0.0,29.2,5.2,31,0,0,0,0,0,0,0,0
2007-10-24,0.0,29.46,13.3,2,0,0,0,0,0,0,0,0
2007-10-25,0.005,29.47,13.9,6,0,1,0,0,0,0,0,0
2007-10-26,0.33,29.31,6.2,5,0,1,0,1,0,0,0,0
2007-10-27,0.01,29.56,9.4,32,0,1,0,1,0,0,0,0
2007-10-28,0.0,29.79,3.4,23,0,0,0,0,0,0,0,0
2007-10-29,0.0,29.63,10.2,22,0,0,0,0,0,0,0,0
2007-10-30,0.0,29.43,12.2,20,0,0,0,0,0,0,0,0
2007-10-31,0.0,29.3,12.2,25,0,0,0,0,0,0,0,0
2008-05-01,0.0,28.95,10.6,16,0,0,0,0,0,0,0,0
2008-05-02,1.28,28.79,13.8,20,0,1,0,1,0,0,1,0
2008-05-03,0.005,29.01,10.4,25,0,1,0,0,0,0,0,0
2008-05-04,0.0,29.31,5.6,24,0,0,0,0,0,0,0,0
2008-05-05,0.0,29.27,4.4,26,0,0,0,0,0,0,0,0
2008-05-06,0.0,29.16,6.3,22,0,0,0,0,0,0,0,0
2008-05-07,0.76,28.97,3.5,23,0,1,0,1,0,0,0,0
2008-05-08,0.0,29.08,12.2,5,0,0,0,0,0,0,0,0
2008-05-09,0.0,29.15,6.3,3,0,0,0,0,0,0,0,0
2008-05-10,0.0,29.08,5.9,7,0,0,0,0,0,0,0,0
2008-05-11,0.95,28.85,14.5,2,0,1,0,1,0,0,0,0
2008-05-12,0.0,29.26,5.1,7,0,0,0,0,0,0,0,0
2008-05-13,0.08,29.2,15.5,18,0,1,0,0,0,0,1,0
2008-05-14,0.02,29.19,2.0,25,0,0,0,1,0,1,0,0
2008-05-15,0.0,29.33,6.8,5,0,0,0,0,0,0,0,0
2008-05-16,0.0,29.1,8.9,25,0,0,0,0,0,0,0,0
2008-05-17,0.12,28.87,12.9,30,0,1,0,0,0,0,0,0
2008-05-18,0.0,28.93,3.5,34,0,0,0,0,0,0,0,0
2008-05-19,0.005,28.96,3.9,7,0,1,0,0,0,0,0,0
2008-05-20,0.0,28.94,7.3,31,0,0,0,0,0,0,0,0
2008-05-21,0.0,29.0,7.2,32,0,0,0,0,0,0,0,0
2008-05-22,0.0,29.24,8.8,5,0,0,0,0,0,0,0,0
2008-05-23,0.0,29.41,10.7,3,0,0,0,0,0,0,0,0
2008-05-24,0.0,29.44,7.4,7,0,0,0,0,0,0,0,0
2008-05-25,0.005,29.18,10.3,18,0,0,0,0,0,0,1,0
2008-05-26,0.48,29.11,6.2,25,0,1,0,1,0,0,1,0
2008-05-27,0.0,29.5,19.2,3,0,0,0,0,0,0,0,0
2008-05-28,0.0,29.6,8.2,6,0,0,0,0,0,0,0,0
2008-05-29,0.01,29.39,3.5,11,0,1,0,0,0,0,0,0
2008-05-30,0.4,29.03,8.4,21,0,1,0,1,0,0,1,0
2008-05-31,0.0,29.1,10.8,28,0,0,0,0,0,0,0,0
2008-06-01,0.0,29.23,4.6,10,0,0,0,0,0,0,0,0
2008-06-02,0.005,29.16,1.9,8,0,1,0,0,0,0,0,0
2008-06-03,0.52,28.97,7.3,4,0,1,0,1,1,0,1,0
2008-06-04,0.005,28.9,4.5,4,0,0,1,1,1,1,1,0
2008-06-05,0.64,29.0,11.5,20,0,0,0,1,0,0,1,0
2008-06-06,0.005,29.07,21.1,20,0,1,0,0,0,0,0,0
2008-06-07,0.11,29.16,12.5,19,0,1,0,1,0,0,0,1
2008-06-08,1.24,29.11,6.5,18,0,1,0,0,0,0,1,1
2008-06-09,0.14,29.1,6.3,22,0,1,0,1,0,0,0,0
2008-06-10,0.005,29.18,8.8,25,0,1,0,0,0,0,0,0
2008-06-11,0.0,29.28,8.9,18,0,0,0,0,0,0,0,0
2008-06-12,0.0,29.2,16.1,18,0,0,0,0,0,0,0,0
2008-06-13,0.39,29.21,8.9,22,0,1,0,1,0,0,1,0
2008-06-14,0.0,29.23,8.3,24,0,0,0,0,0,0,0,0
2008-06-15,0.18,29.15,8.1,24,0,1,0,0,0,0,0,0
2008-06-16,0.0,29.2,10.7,31,0,0,0,0,0,0,0,0
2008-06-17,0.0,29.26,10.7,30,0,0,0,0,0,0,0,0
2008-06-18,0.0,29.21,4.8,3,0,0,0,0,0,0,0,0
2008-06-19,0.0,29.21,1.8,25,0,0,0,0,0,0,0,0
2008-06-20,0.09,29.25,6.7,22,0,1,0,0,0,0,1,0
2008-06-21,0.01,29.24,7.1,29,0,0,0,0,0,0,0,0
2008-06-22,0.16,29.18,2.9,31,0,0,0,0,0,0,1,1
2008-06-23,0.0,29.33,3.9,4,0,0,0,0,0,0,0,0
2008-06-24,0.0,29.44,5.1,18,0,0,0,0,0,0,0,0
2008-06-25,0.08,29.28,8.0,22,0,1,0,0,0,0,0,0
2008-06-26,0.0,29.15,6.3,26,0,0,0,1,0,0,0,0
2008-06-27,0.005,29.05,6.7,22,0,1,0,0,0,0,0,0
2008-06-28,0.04,28.98,12.1,25,0,0,1,0,0,0,1,0
2008-06-29,0.58,29.08,7.3,31,0,1,0,1,0,0,0,0
2008-06-30,0.0,29.28,6.0,34,0,0,0,0,0,0,0,0
2008-07-01,0.0,29.24,8.1,24,0,0,0,0,0,0,0,0
2008-07-02,0.2,29.09,8.7,23,0,1,0,1,0,0,0,1
2008-07-03,0.005,29.34,11.6,3,0,0,0,0,0,0,0,0
2008-07-04,0.0,29.35,6.0,5,0,0,0,0,0,0,0,0
2008-07-05,0.0,29.31,4.6,7,0,0,0,0,0,0,0,0
2008-07-06,0.0,29.21,9.3,19,0,0,0,0,0,0,0,0
2008-07-07,0.03,29.16,10.9,22,0,1,0,0,0,0,1,0
2008-07-08,0.03,29.1,7.8,26,0,0,0,0,0,0,0,0
2008-07-09,0.005,29.26,9.5,31,0,0,0,0,0,0,0,0
2008-07-10,0.72,29.26,8.5,23,0,1,0,1,0,0,1,0
2008-07-11,0.34,29.23,5.2,20,0,1,0,1,0,0,1,0
2008-07-12,0.73,29.19,7.7,26,0,1,0,1,0,0,1,1
2008-07-13,0.0,29.12,12.1,27,0,0,0,0,0,0,0,0
2008-07-14,0.0,29.22,4.5,29,0,0,0,0,0,0,0,0
2008-07-15,0.0,29.3,6.8,23,0,0,0,0,0,0,0,0
2008-07-16,0.0,29.39,5.0,23,0,0,0,0,0,0,0,0
2008-07-17,0.0,29.33,8.6,22,0,0,0,0,0,0,0,0
2008-07-18,0.04,29.24,2.6,22,0,1,0,0,0,0,0,0
2008-07-19,1.61,29.19,2.0,33,1,1,0,1,0,0,0,0
2008-07-20,0.74,29.2,4.5,25,0,0,0,0,0,0,1,0
2008-07-21,0.13,29.21,3.3,3,0,1,0,0,0,0,1,0
2008-07-22,0.005,29.31,8.2,3,0,0,0,0,0,0,0,0
2008-07-23,0.0,29.39,7.6,2,0,0,0,0,0,0,0,0
2008-07-24,0.0,29.33,3.9,24,0,0,0,0,0,0,0,0
2008-07-25,0.0,29.26,5.5,23,0,0,0,0,0,0,0,0
2008-07-26,0.0,29.22,8.5,31,0,0,0,1,0,0,0,0
2008-07-27,0.0,29.16,5.9,24,0,0,0,0,0,0,0,0
2008-07-28,0.0,29.16,4.0,7,0,0,0,0,0,0,0,0
2008-07-29,0.05,29.14,6.4,20,0,1,0,0,0,0,1,0
2008-07-30,0.0,29.04,7.8,27,0,0,0,0,0,0,0,0
2008-07-31,0.14,29.06,4.9,27,0,1,0,1,0,0,0,0
2008-08-01,1.05,29.09,3.1,31,0,1,0,0,0,0,0,0
2008-08-02,0.0,29.24,8.4,3,0,0,0,0,0,0,0,0
2008-08-03,0.0,29.24,5.3,18,0,0,0,0,0,0,0,0
2008-08-04,2.43,29.18,3.1,18,0,1,0,1,0,0,1,1
2008-08-05,0.0,29.24,6.2,31,0,0,1,0,0,0,0,0
2008-08-06,0.0,29.29,6.8,30,0,0,0,0,0,0,0,0
2008-08-07,0.0,29.26,7.8,34,0,0,0,0,0,0,0,0
2008-08-08,0.0,29.29,4.5,2,0,0,0,0,0,0,0,0
2008-08-09,0.005,29.2,2.6,31,0,0,0,0,0,0,0,0
2008-08-10,0.0,29.31,8.4,2,0,0,0,0,0,0,0,0
2008-08-11,0.0,29.3,3.9,5,0,0,0,0,0,0,0,0
2008-08-12,0.0,29.17,3.3,10,0,0,0,0,0,0,0,0
2008-08-13,0.06,29.11,3.0,7,0,1,0,0,0,0,0,0
2008-08-14,0.0,29.23,7.3,3,0,0,1,1,0,0,0,0
2008-08-15,0.0,29.44,6.9,3,0,0,0,0,0,0,0,0
2008-08-16,0.0,29.4,5.7,29,0,0,0,0,0,0,0,0
2008-08-17,0.0,29.28,7.9,26,0,0,0,0,0,0,0,0
2008-08-18,0.0,29.26,7.2,27,0,0,0,0,0,0,0,0
2008-08-19,0.0,29.38,5.9,4,0,0,0,0,0,0,0,0
2008-08-20,0.0,29.4,6.0,9,0,0,0,0,0,0,0,0
2008-08-21,0.005,29.31,6.5,15,0,1,0,0,0,0,0,0
2008-08-22,0.09,29.32,12.7,19,0,0,1,1,0,0,1,0
2008-08-23,0.0,29.31,7.6,25,0,0,0,1,0,0,0,0
2008-08-24,0.0,29.34,7.7,3,0,0,0,0,0,0,0,0
2008-08-25,0.0,29.36,11.1,5,0,0,0,0,0,0,0,0
2008-08-26,0.0,29.29,7.7,7,0,0,0,0,0,0,0,0
2008-08-27,0.0,29.2,4.6,7,0,0,0,0,0,0,0,0
2008-08-28,0.06,29.1,5.7,19,0,1,0,1,0,0,0,0
2008-08-29,0.04,29.24,3.5,35,0,1,0,1,0,0,0,0
2008-08-30,0.0,29.39,2.6,24,0,0,0,0,0,0,0,0
2008-08-31,0.0,29.41,4.8,13,0,0,0,0,0,0,0,0
2008-09-01,0.0,29.37,7.0,14,0,0,0,0,0,0,0,0
2008-09-02,0.0,29.31,3.2,21,0,0,0,0,0,0,0,1
2008-09-03,0.02,29.31,9.8,1,0,0,0,0,0,0,1,0
2008-09-04,2.9,29.08,11.6,3,0,1,0,1,0,0,0,0
2008-09-05,0.0,29.22,5.9,34,0,0,0,0,0,0,0,0
2008-09-06,0.01,29.28,4.9,27,0,0,0,1,0,0,0,0
2008-09-07,0.0,29.35,6.4,26,0,0,0,0,0,0,0,0
2008-09-08,1.23,29.41,4.6,34,0,1,0,1,0,0,0,0
2008-09-09,0.0,29.45,3.9,36,0,0,0,0,0,0,0,0
2008-09-10,0.0,29.47,4.3,14,0,0,0,0,0,0,0,0
2008-09-11,0.005,29.33,8.9,18,0,1,0,1,0,0,0,0
2008-09-12,0.37,29.22,6.0,22,0,1,0,1,0,1,0,0
2008-09-13,6.64,28.97,6.4,21,0,1,0,1,0,0,0,0
2008-09-14,1.44,28.97,7.7,31,0,1,0,1,0,0,0,0
2008-09-15,0.005,29.41,5.7,34,0,0,0,0,0,0,0,0
2008-09-16,0.0,29.47,5.3,23,0,0,0,0,0,0,0,0
2008-09-17,0.0,29.46,2.1,29,0,0,0,0,0,0,0,0
2008-09-18,0.0,29.56,6.1,9,0,0,0,0,0,0,0,0
2008-09-19,0.0,29.47,5.8,19,0,0,0,0,0,0,0,0
2008-09-20,0.0,29.46,1.7,16,0,0,0,0,0,0,0,0
2008-09-21,0.0,29.55,3.8,5,0,0,1,1,0,0,0,0
2008-09-22,0.0,29.59,6.9,11,0,0,1,1,0,0,0,0
2008-09-23,0.0,29.56,7.0,15,0,0,0,0,0,0,0,0
2008-09-24,0.2,29.54,2.6,23,0,0,1,1,0,0,1,1
2008-09-25,0.0,29.54,6.9,4,0,0,1,1,0,0,0,0
2008-09-26,0.0,29.42,3.0,6,0,0,0,1,0,0,0,0
2008-09-27,0.0,29.33,1.0,3,0,0,0,1,0,0,0,0
2008-09-28,0.0,29.41,7.2,4,0,0,0,0,0,0,0,0
2008-09-29,0.82,29.26,3.5,33,0,1,0,1,0,0,0,0
2008-09-30,0.0,29.21,11.4,31,0,0,0,0,0,0,0,0
2008-10-01,0.0,29.24,11.2,33,0,0,0,0,0,0,0,0
2008-10-02,0.0,29.18,8.7,28,0,0,0,0,0,0,0,0
2008-10-03,0.01,29.34,6.5,3,0,1,0,0,0,0,0,0
2008-10-04,0.0,29.51,3.2,11,0,0,0,0,0,0,0,0
2008-10-05,0.06,29.51,5.6,11,0,1,0,0,0,0,0,0
2008-10-06,0.0,29.49,10.5,11,0,0,0,0,0,0,0,0
2008-10-07,0.8,29.24,10.3,13,0,1,0,1,0,0,0,0
2008-10-08,0.19,29.13,7.5,26,0,1,0,1,0,0,0,0
2008-10-09,0.0,29.36,5.5,29,0,0,0,0,0,0,0,0
2008-10-10,0.0,29.47,4.8,11,0,0,0,0,0,0,0,0
2008-10-11,0.0,29.52,4.2,14,0,0,0,0,0,0,0,0
2008-10-12,0.0,29.55,4.3,15,0,0,0,1,0,0,0,0
2008-10-13,0.0,29.47,7.7,20,0,0,0,0,0,0,0,0
2008-10-14,0.005,29.49,2.0,30,0,1,0,0,0,0,0,0
2008-10-15,0.3,29.34,4.2,32,0,1,0,1,0,0,0,0
2008-10-16,0.0,29.52,6.1,35,0,0,0,0,0,0,0,0
2008-10-17,0.0,29.53,6.2,36,0,0,0,0,0,0,0,0
2008-10-18,0.05,29.58,2.1,7,0,1,0,1,0,0,0,0
2008-10-19,0.0,29.49,12.0,19,0,0,0,0,0,0,0,0
2008-10-20,0.18,29.48,4.0,31,0,1,0,1,0,0,0,0
2008-10-21,0.0,29.64,7.1,2,0,0,0,0,0,0,0,0
2008-10-22,0.0,29.65,12.1,12,0,0,0,0,0,0,0,0
2008-10-23,0.16,29.5,11.5,12,0,1,0,0,0,0,0,0
2008-10-24,0.32,29.18,5.3,19,0,1,0,1,0,0,1,0
2008-10-25,0.005,29.02,11.9,22,0,1,0,1,0,1,0,0
2008-10-26,0.005,29.1,17.2,27,0,1,0,0,0,0,0,0
2008-10-27,0.005,29.51,13.7,31,0,0,0,0,0,0,0,0
2008-10-28,0.0,29.54,10.5,30,0,0,0,0,0,0,0,0
2008-10-29,0.0,29.47,3.7,32,0,0,0,0,0,0,0,0
2008-10-30,0.0,29.57,10.5,19,0,0,0,0,0,0,0,0
2008-10-31,0.0,29.57,5.7,22,0,0,0,0,0,0,0,0
2009-05-01,0.02,29.26,8.4,29,0,1,0,0,0,0,0,0
2009-05-02,0.0,29.21,8.8,26,0,0,0,0,0,0,0,0
2009-05-03,0.0,29.19,3.9,26,0,0,0,0,0,0,0,0
2009-05-04,0.0,29.31,6.5,9,0,0,0,0,0,0,0,0
2009-05-05,0.0,29.22,5.5,13,0,0,0,0,0,0,0,0
2009-05-06,0.67,29.05,6.5,19,0,1,0,1,0,0,0,0
2009-05-07,0.19,29.01,8.5,25,0,1,1,1,0,0,0,0
2009-05-08,0.02,28.94,4.9,21,0,1,0,0,0,0,1,0
2009-05-09,0.005,29.19,6.8,29,0,0,0,0,0,0,0,0
2009-05-10,0.0,29.41,4.7,30,0,0,0,0,0,0,0,0
2009-05-11,0.0,29.47,0.7,8,0,0,0,0,0,0,0,0
2009-05-12,0.0,29.38,9.5,16,0,0,0,0,0,0,0,0
2009-05-13,0.55,29.01,14.4,19,0,1,0,1,0,0,1,0
2009-05-14,0.0,29.31,10.5,27,0,0,0,0,0,0,0,0
2009-05-15,0.39,29.28,6.0,16,0,1,0,1,0,0,0,0
2009-05-16,0.0,29.36,11.0,29,0,0,0,1,0,0,0,0
2009-05-17,0.0,29.6,0.2,33,0,0,0,0,0,0,0,0
2009-05-18,0.005,29.54,9.6,19,0,0,0,0,0,0,0,0
2009-05-19,0.0,29.48,13.5,21,0,0,0,0,0,0,0,0
2009-05-20,0.0,29.4,14.4,20,0,0,0,0,0,0,0,0
2009-05-21,0.0,29.38,7.8,23,0,0,0,0,0,0,0,0
2009-05-22,0.0,29.46,10.4,4,0,0,0,0,0,0,0,0
2009-05-23,0.0,29.33,4.5,7,0,0,0,0,0,0,0,0
2009-05-24,0.0,29.34,10.4,4,0,0,0,0,0,0,0,0
2009-05-25,0.04,29.28,10.3,6,0,1,0,0,0,1,0,0
2009-05-26,1.73,29.08,7.5,5,0,1,0,1,0,0,1,0
2009-05-27,0.02,28.95,3.6,24,0,0,1,1,0,1,0,0
2009-05-28,0.0,29.06,6.8,30,0,0,0,0,0,0,0,0
2009-05-29,0.005,29.17,2.7,32,0,0,0,0,0,0,0,0
2009-05-30,0.005,29.09,2.9,27,0,1,0,0,0,0,0,0
2009-05-31,0.0,29.21,2.7,10,0,0,0,0,0,0,0,0
2009-06-01,0.44,29.19,1.2,34,0,1,0,0,0,0,1,0
2009-06-02,0.12,29.36,7.4,3,0,1,0,1,0,0,0,0
2009-06-03,0.0,29.42,10.5,4,0,0,0,0,0,0,0,0
2009-06-04,0.0,29.31,4.7,4,0,0,0,0,0,0,0,0
2009-06-05,0.0,29.18,5.8,26,0,0,0,0,0,0,0,0
2009-06-06,0.02,29.2,6.2,5,0,0,0,0,0,0,0,0
2009-06-07,0.04,29.14,2.7,8,0,0,0,1,0,0,0,0
2009-06-08,0.45,29.06,5.9,24,0,1,0,1,0,0,1,0
2009-06-09,0.005,29.23,4.0,6,0,0,0,1,0,1,0,0
2009-06-10,0.01,29.15,8.0,5,0,1,0,0,0,0,0,0
2009-06-11,0.01,29.11,10.2,3,0,1,1,0,0,0,0,0
2009-06-12,0.005,29.24,4.4,7,0,1,0,0,0,0,0,0
2009-06-13,0.33,29.28,5.9,5,0,1,0,1,0,0,0,0
2009-06-14,0.0,29.29,4.5,4,0,0,0,0,0,0,0,0
2009-06-15,0.0,29.28,5.5,9,0,0,0,0,0,0,0,0
2009-06-16,1.23,29.15,11.2,10,0,1,0,1,0,0,0,0
2009-06-17,0.0,29.16,3.0,36,0,0,1,1,0,0,0,0
2009-06-18,0.12,29.08,6.7,16,0,1,0,1,0,0,0,0
2009-06-19,3.97,28.97,7.2,18,0,0,0,1,0,0,1,1
2009-06-20,0.0,29.08,8.3,29,0,0,0,0,0,0,0,0
2009-06-21,0.01,29.12,2.8,7,0,0,0,0,0,0,0,0
2009-06-22,0.09,29.09,4.0,11,0,1,0,0,0,0,1,0
2009-06-23,0.0,29.16,1.8,14,0,0,0,0,0,0,0,0
2009-06-24,0.04,29.16,1.9,22,0,0,0,0,0,0,1,0
2009-06-25,0.005,29.08,2.4,32,0,0,0,0,0,0,0,0
2009-06-26,0.0,29.5,6.4,4,0,0,0,0,0,0,0,0
2009-06-27,0.3,29.1,5.1,21,0,1,0,0,0,0,0,1
2009-06-28,0.0,29.0,13.2,29,0,0,0,0,0,0,0,0
2009-06-29,0.0,28.89,12.2,30,0,0,0,0,0,0,0,0
2009-06-30,0.0,28.95,8.9,30,0,0,0,0,0,0,0,0
2009-07-01,0.005,29.07,8.2,32,0,1,0,0,0,1,0,0
2009-07-02,0.0,29.26,8.4,31,0,0,0,0,0,0,0,0
2009-07-03,0.0,29.36,1.2,34,0,0,0,0,0,0,0,0
2009-07-04,0.2,29.26,1.8,13,0,1,0,1,0,0,0,0
2009-07-05,0.05,29.2,0.7,34,0,1,1,1,0,0,0,0
2009-07-06,0.0,29.14,7.5,31,0,0,0,0,0,0,0,0
2009-07-07,0.005,29.18,5.9,7,0,1,0,0,0,0,0,0
2009-07-08,0.06,29.28,6.8,6,0,1,0,0,0,0,0,0
2009-07-09,0.0,29.35,5.8,11,0,0,0,0,0,0,0,0
2009-07-10,0.08,29.34,4.4,21,0,1,0,1,0,0,0,0
2009-07-11,0.25,29.34,4.8,31,0,0,1,1,0,0,1,0
2009-07-12,0.0,29.35,2.9,29,0,0,0,0,0,0,0,0
2009-07-13,0.0,29.36,4.8,7,0,0,0,0,0,0,0,0
2009-07-14,0.0,29.34,6.7,16,0,0,0,0,0,0,0,0
2009-07-15,0.68,29.18,10.0,24,0,0,0,1,0,0,0,0
2009-07-16,0.005,29.17,9.9,28,0,0,0,0,0,0,0,0
2009-07-17,0.0,29.15,10.6,30,0,0,0,0,0,0,0,0
2009-07-18,0.0,29.31,8.1,31,0,0,0,0,0,0,0,0
2009-07-19,0.0,29.39,1.3,36,0,0,0,0,0,0,0,0
2009-07-20,0.0,29.36,5.1,9,0,0,0,0,0,0,0,0
2009-07-21,0.04,29.28,3.1,13,0,1,0,0,0,1,0,0
2009-07-22,0.005,29.23,3.5,3,0,0,1,1,0,0,0,0
2009-07-23,0.0,29.21,2.6,32,0,0,1,1,0,0,0,1
2009-07-24,0.14,29.08,8.9,23,0,1,0,0,0,0,1,0
2009-07-25,0.0,29.02,10.6,28,0,0,0,0,0,0,0,0
2009-07-26,0.005,29.13,8.0,29,0,1,0,0,0,0,0,0
2009-07-27,0.02,29.13,9.3,23,0,1,0,0,0,0,0,0
2009-07-28,0.01,29.08,6.4,28,0,1,0,0,0,0,0,0
2009-07-29,0.0,29.13,4.2,35,0,0,0,0,0,0,0,0
2009-07-30,0.005,29.15,4.4,23,0,0,0,0,0,0,0,0
2009-07-31,0.0,29.23,6.2,26,0,0,0,0,0,0,0,0
2009-08-01,0.005,29.18,11.6,22,0,1,0,0,0,0,0,0
2009-08-02,0.0,29.2,6.8,25,0,0,0,0,0,0,0,0
2009-08-03,0.07,29.1,12.2,21,0,0,0,0,0,0,0,0
2009-08-04,0.0,29.17,2.5,2,0,0,0,1,0,0,0,0
2009-08-05,0.0,29.34,2.9,6,0,0,0,0,0,0,0,0
2009-08-06,0.0,29.39,1.4,6,0,0,0,0,0,0,0,0
2009-08-07,0.33,29.36,7.3,15,0,1,0,1,0,0,0,0
2009-08-08,0.02,29.2,12.9,21,0,1,0,1,0,0,0,0
2009-08-09,0.18,29.23,11.6,23,0,0,0,0,0,0,0,0
2009-08-10,0.0,29.24,6.9,26,0,0,0,0,0,0,0,0
2009-08-11,0.0,29.3,6.3,2,0,0,0,0,0,0,0,0
2009-08-12,0.0,29.39,3.7,4,0,0,0,0,0,0,0,0
2009-08-13,0.0,29.38,1.5,14,0,0,0,0,0,0,0,0
2009-08-14,0.0,29.38,5.4,21,0,0,0,0,0,0,0,0
2009-08-15,0.0,29.32,8.7,19,0,0,0,0,0,0,0,0
2009-08-16,0.63,29.27,9.5,20,0,0,0,0,0,0,1,0
2009-08-17,0.33,29.28,4.6,22,0,1,0,1,0,0,1,0
2009-08-18,0.0,29.28,7.5,27,0,0,0,0,0,0,0,0
2009-08-19,0.35,29.08,5.7,16,0,1,0,0,0,0,0,0
2009-08-20,0.07,28.93,12.1,23,0,1,0,0,0,0,0,0
2009-08-21,0.16,29.07,7.7,27,0,1,0,0,0,0,0,0
2009-08-22,0.0,29.31,7.8,1,0,0,0,0,0,0,0,0
2009-08-23,0.0,29.38,2.7,2,0,0,0,0,0,0,0,0
2009-08-24,0.0,29.41,3.8,21,0,0,0,0,0,0,0,0
2009-08-25,0.0,29.33,9.1,21,0,0,0,0,0,0,0,0
2009-08-26,0.93,29.36,5.2,2,0,1,0,1,0,0,0,0
2009-08-27,0.95,29.36,9.1,7,0,1,0,1,0,0,0,0
2009-08-28,0.22,29.18,3.4,2,0,1,0,1,0,0,0,0
2009-08-29,0.02,29.18,11.4,31,0,1,0,1,0,1,0,0
2009-08-30,0.0,29.44,8.2,1,0,0,0,0,0,0,0,0
2009-08-31,0.0,29.55,4.8,3,0,0,0,0,0,0,0,0
2009-09-01,0.0,29.57,3.3,4,0,0,0,0,0,0,0,0
2009-09-02,0.0,29.51,4.1,6,0,0,0,0,0,0,0,0
2009-09-03,0.0,29.42,4.7,5,0,0,0,0,0,0,0,0
2009-09-04,0.0,29.44,3.6,4,0,0,0,1,0,0,0,0
2009-09-05,0.0,29.49,4.3,4,0,0,1,1,0,0,0,0
2009-09-06,0.03,29.47,4.2,5,0,1,1,1,0,0,0,0
2009-09-07,0.0,29.39,5.8,3,0,0,0,1,0,0,0,0
2009-09-08,0.0,29.36,6.6,3,0,0,0,0,0,0,0,0
2009-09-09,0.0,29.42,6.1,6,0,0,1,1,0,0,0,0
2009-09-10,0.0,29.48,6.0,6,0,0,1,1,0,0,0,0
2009-09-11,0.0,29.44,5.1,7,0,0,0,1,0,0,0,0
2009-09-12,0.0,29.41,3.7,3,0,0,0,1,0,0,0,0
2009-09-13,0.0,29.39,1.5,7,0,0,0,1,0,0,0,0
2009-09-14,0.0,29.34,0.1,33,0,0,0,0,0,0,0,0
2009-09-15,0.0,29.36,6.2,2,0,0,0,0,0,0,0,0
2009-09-16,0.0,29.49,11.0,5,0,0,0,0,0,0,0,0
2009-09-17,0.0,29.45,3.4,5,0,0,0,0,0,0,0,0
2009-09-18,0.0,29.46,5.1,2,0,0,0,1,0,0,0,0
2009-09-19,0.0,29.48,3.2,10,0,0,0,0,0,0,0,0
2009-09-20,0.75,29.28,6.4,7,0,1,0,1,0,1,0,0
2009-09-21,0.005,29.26,3.5,23,0,0,1,1,0,1,0,0
2009-09-22,0.0,29.28,5.2,17,0,0,1,1,0,0,0,0
2009-09-23,0.0,29.42,0.6,32,0,0,0,1,0,0,0,0
2009-09-24,0.0,29.44,4.3,6,0,0,0,1,0,0,0,0
2009-09-25,0.16,29.39,5.4,11,0,1,0,1,0,1,0,0
2009-09-26,0.0,29.15,4.0,27,0,0,0,1,0,0,0,0
2009-09-27,0.08,28.84,8.2,22,0,1,0,1,1,0,1,0
2009-09-28,0.01,28.91,20.3,29,0,1,0,0,0,0,0,0
2009-09-29,0.0,29.28,9.0,33,0,0,0,0,0,0,0,0
2009-09-30,0.0,29.39,5.7,3,0,0,0,0,0,0,0,0
2009-10-01,0.89,29.13,9.1,13,0,1,0,1,0,0,0,0
2009-10-02,0.21,28.8,10.5,21,0,1,0,1,0,0,0,0
2009-10-03,0.11,29.02,6.9,26,0,1,0,1,0,1,0,0
2009-10-04,0.005,29.28,9.0,28,0,0,0,0,0,0,0,0
2009-10-05,0.0,29.29,1.8,8,0,0,0,0,0,0,0,0
2009-10-06,0.03,28.9,8.8,24,0,1,0,1,0,1,0,0
2009-10-07,0.0,29.24,9.2,26,0,0,0,0,0,0,0,0
2009-10-08,0.12,29.18,3.3,21,0,1,0,1,0,1,0,0
2009-10-09,0.46,29.21,9.4,34,0,1,0,1,0,0,0,0
2009-10-10,0.0,29.49,7.4,28,0,0,0,0,0,0,0,0
2009-10-11,0.0,29.6,1.5,33,0,0,0,0,0,0,0,0
2009-10-12,0.02,29.44,0.6,19,0,1,0,1,0,1,0,0
2009-10-13,0.0,29.6,8.5,1,0,0,0,0,0,0,0,0
2009-10-14,0.03,29.4,11.0,9,0,1,0,1,0,1,0,0
2009-10-15,0.29,29.26,8.2,6,0,1,0,1,0,1,0,0
2009-10-16,0.04,29.41,8.2,35,0,1,0,0,0,0,0,0
2009-10-17,0.005,29.57,8.0,34,0,0,0,0,0,1,0,0
2009-10-18,0.0,29.49,6.1,21,0,0,0,0,0,0,0,0
2009-10-19,0.0,29.25,11.4,21,0,0,0,0,0,0,0,0
2009-10-20,0.03,29.31,4.0,19,0,1,0,0,0,0,0,0
2009-10-21,0.005,29.25,11.4,21,0,1,0,0,0,0,0,0
2009-10-22,1.03,29.18,8.4,5,0,1,0,1,0,0,0,0
2009-10-23,0.89,28.73,6.2,18,0,1,0,1,0,1,0,0
2009-10-24,0.04,29.03,8.3,26,0,1,0,1,0,1,0,0
2009-10-25,0.27,29.26,5.5,19,0,1,0,1,0,0,0,0
2009-10-26,0.11,29.28,4.9,21,0,1,0,1,0,0,0,0
2009-10-27,0.06,29.19,4.4,5,0,1,0,1,0,0,0,0
2009-10-28,0.0,29.28,3.1,14,0,0,1,1,0,0,0,0
2009-10-29,0.6,29.21,12.5,14,0,1,1,1,0,0,0,0
2009-10-30,0.81,28.79,15.6,20,0,1,0,1,0,1,0,0
2009-10-31,0.005,29.18,11.1,26,0,0,0,0,0,0,0,0
2010-05-01,0.11,28.89,9.1,21,0,1,0,1,0,0,0,0
2010-05-02,0.93,28.9,4.4,25,0,1,0,1,0,0,0,0
2010-05-03,0.0,29.07,8.8,25,0,0,0,0,0,0,0,0
2010-05-04,0.0,29.05,13.9,21,0,0,0,0,0,0,0,0
2010-05-05,0.005,29.08,10.2,27,0,0,0,0,0,0,0,0
2010-05-06,0.01,29.27,5.7,3,0,0,0,0,0,0,1,0
2010-05-07,0.72,28.98,2.6,34,0,1,0,1,0,0,1,0
2010-05-08,0.02,29.36,14.5,30,0,1,0,0,0,0,0,0
2010-05-09,0.0,29.59,2.5,35,0,0,0,0,0,0,0,0
2010-05-10,0.005,29.47,13.5,11,0,1,0,0,0,0,0,0
2010-05-11,0.97,29.16,5.6,9,0,1,0,1,0,1,0,0
2010-05-12,0.12,29.36,8.9,6,0,1,0,1,1,0,1,0
2010-05-13,1.49,29.23,4.8,25,0,1,0,1,0,0,1,0
2010-05-14,0.0,29.46,10.9,26,0,0,0,0,0,0,0,0
2010-05-15,0.0,29.53,4.1,4,0,0,0,0,0,0,0,0
2010-05-16,0.0,29.44,9.7,5,0,0,0,0,0,0,0,0
2010-05-17,0.01,29.29,9.6,3,0,1,0,0,0,0,0,0
2010-05-18,0.0,29.26,9.1,3,0,0,0,0,0,0,0,0
2010-05-19,0.0,29.31,5.7,4,0,0,0,0,0,0,0,0
2010-05-20,0.05,29.29,6.8,13,0,1,0,0,0,0,0,0
2010-05-21,0.21,29.15,4.6,10,0,1,1,1,0,1,0,0
2010-05-22,0.0,29.23,3.4,12,0,0,1,1,0,0,0,0
2010-05-23,0.0,29.26,9.8,18,0,0,0,0,0,0,0,0
2010-05-24,0.0,29.33,6.6,14,0,0,0,0,0,0,0,0
2010-05-25,0.0,29.33,5.1,13,0,0,0,0,0,0,0,0
2010-05-26,0.005,29.29,3.1,3,0,0,0,0,0,0,0,0
2010-05-27,0.0,29.31,10.4,3,0,0,0,0,0,0,0,0
2010-05-28,0.0,29.28,7.8,3,0,0,0,0,0,0,0,0
2010-05-29,0.0,29.23,5.0,5,0,0,0,0,0,0,0,0
2010-05-30,0.0,29.16,4.6,18,0,0,0,0,0,0,0,0
2010-05-31,0.26,29.15,0.6,24,0,1,0,1,0,0,1,0
2010-06-01,0.0,29.1,5.1,19,0,0,1,1,0,0,0,0
2010-06-02,1.02,29.0,3.6,34,0,1,0,1,0,0,1,0
2010-06-03,0.0,29.1,6.7,4,0,0,0,0,0,0,0,0
2010-06-04,0.0,29.0,7.8,22,0,0,0,0,0,0,0,0
2010-06-05,0.15,28.95,5.0,23,0,1,0,1,0,0,0,0
2010-06-06,0.005,29.16,9.2,32,0,1,0,0,0,0,0,0
2010-06-07,0.0,29.34,6.4,8,0,0,0,0,0,0,0,0
2010-06-08,0.45,29.22,8.8,13,0,1,0,1,0,0,0,0
2010-06-09,0.0,29.13,10.2,28,0,0,0,1,0,0,0,0
2010-06-10,0.0,29.26,4.8,7,0,0,0,0,0,0,0,0
2010-06-11,0.02,29.18,8.8,19,0,1,0,0,0,0,0,1
2010-06-12,0.34,29.25,3.9,4,0,1,0,1,0,0,1,0
2010-06-13,0.25,29.26,3.5,9,0,1,0,1,0,0,0,0
2010-06-14,0.005,29.23,6.2,4,0,1,0,1,0,0,0,0
2010-06-15,0.59,29.16,2.2,19,0,1,0,1,0,0,0,0
2010-06-16,0.0,29.28,5.9,28,0,0,0,0,0,0,0,0
2010-06-17,0.0,29.3,5.8,14,0,0,0,0,0,0,0,0
2010-06-18,0.87,29.18,6.8,21,0,0,0,1,0,0,1,0
2010-06-19,0.0,29.24,9.8,28,0,0,0,0,0,0,0,0
2010-06-20,0.005,29.34,3.8,8,0,0,0,0,0,0,0,0
2010-06-21,0.22,29.26,5.6,16,0,0,0,1,0,0,1,0
2010-06-22,0.0,29.28,5.9,23,0,0,0,0,0,0,0,0
2010-06-23,0.87,29.16,10.2,22,0,1,0,1,0,0,1,1
2010-06-24,0.0,29.33,5.4,32,0,0,0,0,0,0,0,0
2010-06-25,0.0,29.28,6.4,20,0,0,0,0,0,0,0,0
2010-06-26,0.85,29.1,1.0,11,0,0,0,0,0,0,1,1
2010-06-27,0.54,28.9,7.4,24,0,0,0,0,0,0,0,0
2010-06-28,0.0,29.08,9.4,31,0,0,0,0,0,0,0,0
2010-06-29,0.0,29.41,6.2,4,0,0,0,0,0,0,0,0
2010-06-30,0.0,29.54,3.7,4,0,0,0,0,0,0,0,0
2010-07-01,0.0,29.59,5.0,9,0,0,0,0,0,0,0,0
2010-07-02,0.0,29.47,7.9,19,0,0,0,0,0,0,0,0
2010-07-03,0.0,29.31,8.5,20,0,0,0,0,0,0,0,0
2010-07-04,0.0,29.2,10.2,22,0,0,0,0,0,0,0,0
2010-07-05,0.0,29.2,15.0,20,0,0,0,0,0,0,0,0
2010-07-06,0.37,29.26,8.4,22,0,1,0,0,0,0,1,0
2010-07-07,0.2,29.34,3.5,23,0,0,0,1,0,0,0,0
2010-07-08,0.16,29.27,2.7,32,0,1,0,1,0,0,1,0
2010-07-09,0.005,29.26,6.3,36,0,0,0,0,0,0,0,0
2010-07-10,0.0,29.23,6.3,28,0,0,0,0,0,0,0,0
2010-07-11,0.79,29.08,5.6,23,0,1,0,1,0,0,1,0
2010-07-12,0.005,29.05,1.7,35,0,0,0,1,0,0,0,0
2010-07-13,0.17,29.18,5.4,10,0,0,0,0,0,0,0,0
2010-07-14,0.0,29.25,9.2,17,0,0,0,1,0,0,0,0
2010-07-15,0.01,29.21,7.0,27,0,0,0,0,0,0,0,0
2010-07-16,0.0,29.23,7.4,25,0,0,0,0,0,0,0,0
2010-07-17,0.0,29.18,5.6,28,0,0,0,0,0,0,0,0
2010-07-18,0.01,29.1,7.0,25,0,0,0,0,0,0,0,0
2010-07-19,0.01,29.18,2.3,24,0,1,0,0,0,0,0,0
2010-07-20,0.005,29.21,5.4,23,0,0,0,0,0,0,0,0
2010-07-21,0.0,29.29,4.7,31,0,0,0,0,0,0,0,0
2010-07-22,0.01,29.16,10.8,20,0,0,0,0,0,0,0,0
2010-07-23,2.79,29.15,11.2,24,0,1,0,1,0,0,1,1
2010-07-24,3.64,29.16,2.6,28,0,1,0,1,0,0,1,0
2010-07-25,0.0,29.36,8.7,2,0,0,0,0,0,0,0,0
2010-07-26,0.0,29.38,4.5,12,0,0,0,0,0,0,0,0
2010-07-27,0.0,29.28,5.6,21,0,0,0,0,0,0,0,0
2010-07-28,0.0,29.24,6.8,28,0,0,0,1,0,0,0,0
2010-07-29,0.0,29.36,6.0,5,0,0,0,0,0,0,0,0
2010-07-30,0.005,29.25,5.5,17,0,1,0,0,0,0,0,0
2010-07-31,0.68,29.14,3.6,13,0,1,0,1,0,0,1,1
2010-08-01,0.0,29.23,2.4,13,0,0,1,1,0,0,0,0
2010-08-02,0.005,29.26,6.3,21,0,1,0,1,0,0,0,0
2010-08-03,0.28,29.2,2.6,21,0,1,0,1,0,0,1,0
2010-08-04,0.48,29.15,4.1,27,0,1,0,1,0,0,1,0
2010-08-05,0.0,29.13,10.6,29,0,0,0,0,0,0,0,0
2010-08-06,0.0,29.22,6.3,29,0,0,0,0,0,0,0,0
2010-08-07,0.0,29.2,7.6,23,0,0,0,0,0,0,0,0
2010-08-08,0.08,29.13,9.3,22,0,1,0,1,0,0,0,0
2010-08-09,0.15,29.2,4.1,24,0,0,0,0,0,0,0,1
2010-08-10,0.0,29.23,4.4,7,0,0,0,0,0,0,0,0
2010-08-11,0.0,29.13,4.2,28,0,0,0,1,0,0,0,0
2010-08-12,0.0,29.13,3.3,10,0,0,0,0,0,0,0,0
2010-08-13,0.25,29.07,7.2,18,0,0,0,1,0,0,0,1
2010-08-14,0.005,29.11,3.6,25,0,0,0,0,0,0,0,0
2010-08-15,0.0,29.21,8.1,29,0,0,0,0,0,0,0,0
2010-08-16,0.0,29.31,8.6,28,0,0,0,0,0,0,0,0
2010-08-17,0.03,29.36,4.5,30,0,1,0,0,0,0,0,0
2010-08-18,0.05,29.29,1.5,20,0,1,0,0,0,0,0,0
2010-08-19,0.0,29.18,4.6,21,0,0,0,0,0,0,0,0
2010-08-20,0.03,29.11,10.5,19,0,1,0,0,0,0,0,0
2010-08-21,0.45,29.13,2.6,33,0,1,0,1,0,0,0,0
2010-08-22,0.0,29.35,7.9,3,0,0,0,0,0,0,0,0
2010-08-23,0.0,29.34,6.0,4,0,0,0,0,0,0,0,0
2010-08-24,0.005,29.29,1.2,4,0,0,0,0,0,0,0,0
2010-08-25,0.0,29.38,9.8,32,0,0,0,0,0,0,0,0
2010-08-26,0.0,29.44,0.8,6,0,0,0,0,0,0,0,0
2010-08-27,0.0,29.39,8.6,21,0,0,0,0,0,0,0,0
2010-08-28,0.0,29.36,10.5,19,0,0,0,0,0,0,0,0
2010-08-29,0.0,29.39,10.6,19,0,0,0,0,0,0,0,0
2010-08-30,0.0,29.39,14.1,19,0,0,0,0,0,0,0,0
2010-08-31,0.0,29.28,14.7,20,0,0,0,0,0,0,0,0
2010-09-01,0.17,29.21,6.2,23,0,1,0,0,0,0,0,0
2010-09-02,1.55,29.09,5.6,21,0,1,0,1,0,0,0,0
2010-09-03,0.005,29.11,15.3,28,0,0,0,0,0,0,0,0
2010-09-04,0.005,29.25,11.3,29,0,0,0,0,0,0,0,0
2010-09-05,0.005,29.21,7.9,20,0,1,0,0,0,0,0,0
2010-09-06,0.005,29.12,14.2,20,0,0,0,0,0,0,0,0
2010-09-07,0.0,29.21,17.4,25,0,0,0,0,0,0,0,0
2010-09-08,0.0,29.39,3.9,32,0,0,0,0,0,0,0,0
2010-09-09,0.0,29.36,5.7,3,0,0,0,0,0,0,0,0
2010-09-10,0.0,29.24,8.3,9,0,0,0,0,0,0,0,0
2010-09-11,0.24,29.15,1.9,24,0,1,0,1,0,0,0,0
2010-09-12,0.0,29.29,7.5,26,0,0,0,0,0,0,0,0
2010-09-13,0.0,29.29,4.9,31,0,0,0,0,0,0,0,0
2010-09-14,0.0,29.38,3.8,5,0,0,0,0,0,0,0,0
2010-09-15,0.005,29.25,7.6,12,0,0,0,0,0,0,0,0
2010-09-16,0.16,29.19,6.6,33,0,1,0,0,0,0,0,0
2010-09-17,0.0,29.36,3.8,19,0,0,0,0,0,0,0,0
2010-09-18,0.35,29.42,3.9,3,0,0,0,1,0,0,1,0
2010-09-19,0.005,29.46,7.1,4,0,1,0,0,0,0,0,0
2010-09-20,0.005,29.29,4.5,12,0,0,0,0,0,0,0,0
2010-09-21,0.05,29.16,10.8,22,0,1,0,0,0,0,1,0
2010-09-22,0.0,29.31,2.8,6,0,0,0,0,0,0,0,0
2010-09-23,0.0,29.15,16.6,20,0,0,0,0,0,0,0,0
2010-09-24,0.26,29.18,15.6,25,0,1,0,1,0,0,0,0
2010-09-25,0.0,29.4,6.8,36,0,0,0,0,0,0,0,0
2010-09-26,0.005,29.4,9.5,2,0,1,0,0,0,0,0,0
2010-09-27,0.0,29.18,1.4,2,0,0,0,0,0,0,0,0
2010-09-28,0.0,29.07,2.5,2,0,0,0,0,0,0,0,0
2010-09-29,0.0,29.09,5.4,22,0,0,0,0,0,0,0,0
2010-09-30,0.0,29.23,8.3,36,0,0,0,0,0,0,0,0
2010-10-01,0.08,29.31,4.2,29,0,1,0,1,0,0,0,0
2010-10-02,0.26,29.47,15.2,36,0,1,0,0,0,0,0,0
2010-10-03,0.08,29.64,10.3,1,0,1,0,0,0,0,0,0
2010-10-04,0.0,29.65,2.4,2,0,0,0,0,0,0,0,0
2010-10-05,0.0,29.59,1.3,32,0,0,0,0,0,0,0,0
2010-10-06,0.0,29.33,7.0,28,0,0,0,0,0,0,0,0
2010-10-07,0.0,29.36,5.8,30,0,0,0,0,0,0,0,0
2010-10-08,0.0,29.31,7.0,24,0,0,0,0,0,0,0,0
2010-10-09,0.0,29.25,2.5,24,0,0,0,0,0,0,0,0
2010-10-10,0.0,29.16,4.0,25,0,0,0,0,0,0,0,0
2010-10-11,0.0,29.12,2.2,3,0,0,0,0,0,0,0,0
2010-10-12,0.0,29.21,3.3,6,0,0,0,0,0,0,0,0
2010-10-13,0.1,29.35,7.2,35,0,1,0,0,0,0,1,0
2010-10-14,0.0,29.21,7.2,27,0,0,0,0,0,0,0,0
2010-10-15,0.0,29.34,6.4,1,0,0,0,0,0,0,0,0
2010-10-16,0.0,29.31,8.0,23,0,0,0,1,0,0,0,0
2010-10-17,0.0,29.35,3.7,1,0,0,0,0,0,0,0,0
2010-10-18,0.0,29.29,5.0,4,0,0,0,0,0,0,0,0
2010-10-19,0.0,29.23,6.1,27,0,0,0,0,0,0,0,0
2010-10-20,0.005,29.03,10.2,26,0,0,0,0,0,0,0,0
2010-10-21,0.0,29.25,9.4,30,0,0,0,0,0,0,0,0
2010-10-22,0.02,29.34,5.8,21,0,0,0,0,0,0,0,0
2010-10-23,0.1,29.2,10.0,21,0,1,0,1,0,0,0,0
2010-10-24,0.05,28.98,8.4,21,0,1,0,1,0,0,0,0
2010-10-25,0.0,28.74,11.6,19,0,0,0,1,0,0,0,0
2010-10-26,0.24,28.55,24.1,21,0,1,0,1,0,0,0,0
2010-10-27,0.0,28.92,21.8,24,0,0,0,0,0,0,0,0
2010-10-28,0.005,29.43,13.7,28,0,0,0,0,0,0,0,0
2010-10-29,0.0,29.48,6.2,24,0,0,0,0,0,0,0,0
2010-10-30,0.0,29.14,6.5,25,0,0,0,0,0,0,0,0
2010-10-31,0.0,29.49,5.8,1,0,0,0,0,0,0,0,0
2011-05-01,0.0,29.26,11.4,26,0,0,0,0,0,0,0,0
2011-05-02,0.0,29.46,5.3,36,0,0,0,0,0,0,0,0
2011-05-03,0.005,29.5,6.7,3,0,1,0,0,0,0,0,0
2011-05-04,0.0,29.63,4.6,3,0,0,0,0,0,0,0,0
2011-05-05,0.06,29.33,10.9,20,0,1,0,1,0,0,0,0
2011-05-06,0.005,29.11,6.8,28,0,1,0,0,0,0,0,0
2011-05-07,0.005,29.13,5.1,5,0,0,0,0,0,0,0,0
2011-05-08,0.0,29.27,6.6,6,0,0,0,0,0,0,0,0
2011-05-09,0.005,29.15,14.3,11,0,1,0,0,0,0,0,0
2011-05-10,0.0,29.0,6.2,14,0,0,0,0,0,0,0,0
2011-05-11,0.13,29.1,3.5,14,0,0,1,1,0,0,1,1
2011-05-12,0.29,29.08,5.6,19,0,0,0,1,0,0,1,1
2011-05-13,0.02,29.0,10.1,3,0,1,0,1,0,0,0,0
2011-05-14,0.31,29.01,16.7,2,0,1,0,1,0,0,0,0
2011-05-15,0.31,29.15,21.4,2,0,1,0,1,0,0,0,0
2011-05-16,0.0,29.28,13.5,2,0,0,0,0,0,0,0,0
2011-05-17,0.0,29.21,12.2,3,0,0,0,0,0,0,0,0
2011-05-18,0.07,29.16,6.2,2,0,1,0,1,0,1,0,0
2011-05-19,0.0,29.29,3.6,2,0,0,1,1,0,0,0,0
2011-05-20,0.0,29.3,5.5,6,0,0,0,1,0,0,0,0
2011-05-21,0.01,29.13,7.0,15,0,0,0,1,0,0,0,0
2011-05-22,0.58,28.95,10.3,19,0,1,0,1,0,0,1,0
2011-05-23,0.005,28.92,10.0,25,0,0,0,0,0,0,0,0
2011-05-24,0.11,29.15,12.0,4,0,0,0,0,0,0,0,0
2011-05-25,2.24,28.92,10.7,3,0,1,0,1,0,0,1,0
2011-05-26,1.06,29.15,17.7,2,0,1,0,1,0,0,0,0
2011-05-27,0.005,29.21,7.3,5,0,1,0,0,0,0,0,0
2011-05-28,0.12,29.1,6.0,18,0,1,0,1,0,0,0,0
2011-05-29,1.88,29.16,3.6,11,0,1,0,1,1,0,0,1
2011-05-30,0.0,29.26,12.4,20,0,0,0,0,0,0,0,0
2011-05-31,0.08,29.34,12.4,22,0,0,0,0,0,0,0,1
2011-06-01,0.0,29.44,10.7,27,0,0,0,0,0,0,0,0
2011-06-02,0.02,29.45,9.0,6,0,1,0,0,0,0,0,0
2011-06-03,0.01,29.31,10.8,17,0,0,0,0,0,0,0,0
2011-06-04,0.18,29.31,1.4,26,0,0,0,0,0,0,1,0
2011-06-05,0.005,29.36,3.1,7,0,0,0,0,0,0,0,0
2011-06-06,0.0,29.15,8.5,20,0,0,0,0,0,0,0,0
2011-06-07,0.0,29.11,10.3,23,0,0,0,0,0,0,0,0
2011-06-08,0.17,29.13,11.6,24,0,0,0,0,0,0,1,0
2011-06-09,0.93,29.28,8.0,4,0,1,0,1,0,0,1,0
2011-06-10,0.52,29.21,6.4,3,0,1,1,1,0,0,0,0
2011-06-11,0.03,29.24,4.7,5,0,1,0,1,1,1,0,0
2011-06-12,0.0,29.38,8.3,3,0,0,0,1,0,0,0,0
2011-06-13,0.0,29.39,7.5,6,0,0,0,0,0,0,0,0
2011-06-14,0.0,29.25,7.8,9,0,0,0,0,0,0,0,0
2011-06-15,0.8,29.0,9.2,15,0,1,0,1,0,0,1,0
2011-06-16,0.04,29.05,5.5,29,0,1,0,1,0,0,0,0
2011-06-17,0.0,29.13,5.8,6,0,0,0,0,0,0,0,0
2011-06-18,0.0,29.1,4.6,6,0,0,0,0,0,0,0,0
2011-06-19,0.0,29.03,4.1,11,0,0,0,0,0,0,0,0
2011-06-20,0.18,29.01,6.2,16,0,1,0,1,0,0,1,0
2011-06-21,0.45,28.92,11.5,18,0,1,0,1,0,0,0,0
2011-06-22,0.02,28.89,12.6,21,0,1,0,0,0,0,0,0
2011-06-23,0.01,28.9,11.4,26,0,1,0,1,0,0,0,0
2011-06-24,0.0,29.08,9.4,29,0,0,0,0,0,0,0,0
2011-06-25,0.0,29.21,2.5,10,0,0,0,0,0,0,0,0
2011-06-26,0.0,29.23,5.8,9,0,0,0,0,0,0,0,0
2011-06-27,0.03,29.08,6.9,21,0,1,1,0,0,0,0,0
2011-06-28,0.0,29.28,9.1,30,0,0,0,0,0,0,0,0
2011-06-29,0.0,29.35,3.7,8,0,0,0,0,0,0,0,0
2011-06-30,0.005,29.28,8.2,17,0,0,0,0,0,0,0,0
2011-07-01,0.0,29.24,14.3,18,0,0,0,0,0,0,0,0
2011-07-02,0.0,29.25,3.9,24,0,0,0,1,0,0,0,0
2011-07-03,0.0,29.28,4.7,2,0,0,0,0,0,0,0,0
2011-07-04,0.0,29.26,2.9,5,0,0,0,0,0,0,0,0
2011-07-05,0.0,29.25,5.2,28,0,0,0,0,0,0,0,0
2011-07-06,0.005,29.27,5.7,4,0,0,0,0,0,0,0,0
2011-07-07,0.005,29.22,5.1,7,0,1,0,0,0,0,0,0
2011-07-08,0.0,29.17,5.1,6,0,0,0,0,0,0,0,0
2011-07-09,0.0,29.21,5.2,19,0,0,0,0,0,0,0,0
2011-07-10,0.005,29.18,9.3,19,0,0,1,0,0,0,0,0
2011-07-11,0.39,29.12,5.5,25,0,0,1,0,0,0,0,0
2011-07-12,0.01,29.25,5.6,2,0,1,0,0,0,0,0,0
2011-07-13,0.0,29.35,10.5,4,0,0,0,0,0,0,0,0
2011-07-14,0.0,29.3,6.5,10,0,0,0,0,0,0,0,0
2011-07-15,0.005,29.27,5.4,9,0,0,0,0,0,0,0,0
2011-07-16,0.005,29.32,3.4,19,0,1,0,0,0,0,0,0
2011-07-17,0.0,29.35,6.2,22,0,0,0,0,0,0,0,0
2011-07-18,0.01,29.23,10.6,25,0,1,1,0,0,0,0,0
2011-07-19,0.0,29.17,4.5,7,0,0,0,0,0,0,0,0
2011-07-20,0.02,29.08,9.0,23,0,0,1,1,0,0,0,0
2011-07-21,0.02,29.1,6.2,28,0,0,0,0,0,0,0,1
2011-07-22,1.55,29.18,1.7,9,0,1,0,1,0,0,1,1
2011-07-23,6.86,29.23,0.8,30,0,1,0,1,0,0,1,1
2011-07-24,0.18,29.26,1.5,23,0,0,0,1,0,0,1,1
2011-07-25,0.0,29.2,3.4,32,0,0,0,0,0,0,0,0
2011-07-26,0.0,29.18,6.3,5,0,0,0,0,0,0,0,0
2011-07-27,0.71,29.13,6.2,16,0,0,0,0,0,0,1,1
2011-07-28,0.7,29.2,3.2,23,0,1,0,1,0,0,1,0
2011-07-29,0.7,29.28,4.3,4,0,0,0,1,0,0,0,0
2011-07-30,0.0,29.35,2.4,13,0,0,0,0,0,0,0,0
2011-07-31,0.0,29.35,4.9,25,0,0,0,0,0,0,0,0
2011-08-01,0.0,29.28,4.2,27,0,0,0,0,0,0,0,0
2011-08-02,0.43,29.04,8.3,21,0,0,0,0,0,0,0,0
2011-08-03,0.0,29.11,6.9,2,0,0,0,0,0,0,0,0
2011-08-04,0.0,29.25,5.3,5,0,0,0,0,0,0,0,0
2011-08-05,0.005,29.21,4.0,5,0,1,0,0,0,0,0,0
2011-08-06,0.18,29.1,2.5,5,0,1,0,1,0,0,0,0
2011-08-07,0.75,29.03,4.6,27,0,0,0,1,0,0,1,0
2011-08-08,0.63,29.0,4.0,4,0,1,0,1,0,0,0,0
2011-08-09,0.0,28.97,10.8,28,0,0,0,1,0,0,0,0
2011-08-10,0.0,29.14,7.3,31,0,0,0,0,0,0,0,0
2011-08-11,0.0,29.25,2.0,24,0,0,0,0,0,0,0,0
2011-08-12,0.0,29.22,8.3,19,0,0,0,0,0,0,0,0
2011-08-13,0.75,29.15,3.6,27,0,1,0,0,0,0,0,0
2011-08-14,0.005,29.24,10.4,36,0,1,0,0,0,0,0,0
2011-08-15,0.0,29.28,2.4,2,0,0,0,0,0,0,0,0
2011-08-16,0.0,29.32,2.9,18,0,0,0,0,0,0,0,0
2011-08-17,0.0,29.31,5.6,22,0,0,0,0,0,0,0,0
2011-08-18,0.0,29.23,2.3,4,0,0,0,0,0,0,0,0
2011-08-19,0.0,29.18,3.3,14,0,0,0,0,0,0,0,0
2011-08-20,1.11,29.22,1.3,21,0,1,0,1,1,0,0,0
2011-08-21,0.005,29.26,8.0,32,0,1,0,0,0,0,0,0
2011-08-22,0.0,29.3,1.6,26,0,0,0,0,0,0,0,0
2011-08-23,0.65,29.1,9.1,20,0,0,0,1,0,0,1,0
2011-08-24,0.0,28.99,8.2,27,0,0,0,1,0,0,0,0
2011-08-25,0.0,29.26,4.1,36,0,0,0,0,0,0,0,0
2011-08-26,0.0,29.26,1.9,26,0,0,0,0,0,0,0,0
2011-08-27,0.0,29.21,8.2,2,0,0,0,0,0,0,0,0
2011-08-28,0.0,29.22,7.0,2,0,0,0,0,0,0,0,0
2011-08-29,0.0,29.31,1.4,2,0,0,0,0,0,0,0,0
2011-08-30,0.04,29.33,5.3,15,0,1,0,0,0,0,0,0
2011-08-31,0.005,29.23,5.4,17,0,1,0,0,0,0,0,0
2011-09-01,0.0,29.2,5.2,21,0,0,0,0,0,0,0,0
2011-09-02,0.0,29.18,4.9,22,0,0,1,0,0,0,0,0
2011-09-03,0.02,29.16,2.5,29,0,1,1,1,0,0,0,0
2011-09-04,0.0,29.24,10.5,32,0,0,0,0,0,0,0,0
2011-09-05,0.0,29.39,14.2,1,0,0,0,0,0,0,0,0
2011-09-06,0.0,29.44,9.5,3,0,0,0,0,0,0,0,0
2011-09-07,0.0,29.42,10.2,1,0,0,0,0,0,0,0,0
2011-09-08,0.005,29.34,13.0,2,0,1,0,0,0,0,0,0
2011-09-09,0.02,29.23,8.2,4,0,1,0,0,0,0,0,0
2011-09-10,0.0,29.29,0.9,14,0,0,0,1,0,0,0,0
2011-09-11,0.0,29.27,5.1,27,0,0,0,1,0,0,0,0
2011-09-12,0.0,29.18,10.5,23,0,0,0,0,0,0,0,0
2011-09-13,0.0,29.2,4.9,31,0,0,1,1,0,0,0,0
2011-09-14,0.08,29.39,6.3,34,0,1,1,1,0,0,0,0
2011-09-15,0.0,29.61,7.4,1,0,0,0,0,0,0,0,0
2011-09-16,0.0,29.59,1.4,8,0,0,0,0,0,0,0,0
2011-09-17,0.0,29.53,7.7,11,0,0,0,0,0,0,0,0
2011-09-18,0.43,29.34,8.9,15,0,1,0,1,0,1,0,0
2011-09-19,0.24,29.24,4.1,29,0,1,0,1,0,0,0,0
2011-09-20,0.0,29.26,7.3,18,0,0,0,1,0,0,0,0
2011-09-21,0.005,29.23,10.2,25,0,1,0,0,0,0,0,0
2011-09-22,0.0,29.36,4.6,27,0,0,0,0,0,0,0,0
2011-09-23,0.0,29.33,5.9,36,0,0,0,0,0,0,0,0
2011-09-24,0.14,29.26,3.6,3,0,1,0,1,0,0,0,0
2011-09-25,0.08,29.13,4.1,14,0,1,0,0,0,0,0,0
2011-09-26,1.21,28.92,8.8,18,0,1,0,1,0,0,0,0
2011-09-27,0.31,29.0,4.3,6,0,1,0,1,0,0,0,0
2011-09-28,0.77,29.07,6.5,32,0,1,0,1,0,0,0,0
2011-09-29,0.06,28.98,11.7,28,0,1,0,1,0,0,0,0
2011-09-30,0.09,29.32,14.6,34,0,1,0,0,0,0,0,0
2011-10-01,0.005,29.53,9.6,36,0,0,0,0,0,0,0,0
2011-10-02,0.0,29.47,4.7,32,0,0,0,0,0,0,0,0
2011-10-03,0.0,29.48,3.4,3,0,0,0,0,0,0,0,0
2011-10-04,0.0,29.52,1.1,16,0,0,0,0,0,0,0,0
2011-10-05,0.0,29.49,1.9,18,0,0,0,0,0,0,0,0
2011-10-06,0.0,29.5,3.8,15,0,0,0,0,0,0,0,0
2011-10-07,0.0,29.52,7.5,18,0,0,0,0,0,0,0,0
2011-10-08,0.0,29.56,7.2,19,0,0,0,0,0,0,0,0
2011-10-09,0.0,29.55,2.8,9,0,0,0,0,0,0,0,0
2011-10-10,0.0,29.39,5.2,16,0,0,0,0,0,0,0,0
2011-10-11,0.0,29.23,4.1,15,0,0,0,0,0,0,0,0
2011-10-12,0.0,29.03,7.0,14,0,0,0,0,0,0,0,0
2011-10-13,0.28,28.81,4.3,26,0,1,0,1,0,0,0,0
2011-10-14,0.0,28.9,15.4,28,0,0,0,0,0,0,0,0
2011-10-15,0.0,29.1,14.8,27,0,0,0,0,0,0,0,0
2011-10-16,0.17,29.08,7.4,28,0,1,0,0,0,0,0,0
2011-10-17,0.0,29.11,10.2,26,0,0,0,0,0,0,0,0
2011-10-18,0.06,29.09,6.4,1,0,1,0,0,0,0,0,0
2011-10-19,0.85,28.93,17.1,36,0,1,0,1,0,0,0,0
2011-10-20,0.08,29.0,15.8,32,0,1,0,0,0,0,0,0
2011-10-21,0.0,29.32,4.6,29,0,0,0,0,0,0,0,0
2011-10-22,0.0,29.28,3.2,23,0,0,0,0,0,0,0,0
2011-10-23,0.2,29.19,6.1,22,0,1,0,1,0,0,1,0
2011-10-24,0.0,29.34,5.7,28,0,0,0,0,0,0,0,0
2011-10-25,0.02,29.11,7.6,19,0,1,0,0,0,0,0,0
2011-10-26,0.0,29.19,12.4,36,0,0,0,0,0,0,0,0
2011-10-27,0.12,29.34,3.6,35,0,1,0,0,0,0,0,0
2011-10-28,0.03,29.36,4.9,22,0,0,0,0,0,0,0,0
2011-10-29,0.0,29.34,4.6,28,0,0,0,0,0,0,0,0
2011-10-30,0.17,29.27,10.6,19,0,1,0,1,0,0,0,0
2011-10-31,0.0,29.34,3.9,25,0,0,0,1,0,0,0,0
2012-05-01,0.09,29.18,6.2,12,0,1,1,1,0,0,0,0
2012-05-02,0.0,29.12,8.1,21,0,0,0,1,0,0,0,0
2012-05-03,1.34,29.16,10.8,21,0,0,0,0,0,0,1,1
2012-05-04,0.28,29.23,5.2,5,0,0,1,1,0,0,1,0
2012-05-05,0.005,29.29,8.0,4,0,1,1,1,0,0,0,0
2012-05-06,0.8,29.22,5.0,6,0,1,0,1,0,0,1,1
2012-05-07,0.47,29.15,2.3,34,0,1,1,1,1,0,1,0
2012-05-08,0.0,29.13,8.3,28,0,0,0,1,0,0,0,0
2012-05-09,0.06,29.2,4.2,1,0,1,0,0,0,0,0,0
2012-05-10,0.0,29.29,3.2,5,0,0,0,0,0,0,0,0
2012-05-11,0.0,29.36,9.3,20,0,0,0,0,0,0,0,0
2012-05-12,0.03,29.51,5.7,3,0,1,0,0,0,0,0,0
2012-05-13,0.0,29.45,7.4,4,0,0,0,0,0,0,0,0
2012-05-14,0.0,29.31,2.5,19,0,0,0,0,0,0,0,0
2012-05-15,0.05,29.18,6.9,25,0,1,0,0,0,0,0,1
2012-05-16,0.0,29.38,9.6,5,0,0,0,0,0,0,0,0
2012-05-17,0.0,29.38,5.3,11,0,0,0,0,0,0,0,0
2012-05-18,0.0,29.29,8.7,16,0,0,0,0,0,0,0,0
2012-05-19,0.0,29.29,8.2,17,0,0,0,0,0,0,0,0
2012-05-20,0.14,29.28,8.2,22,0,1,0,0,0,0,1,0
2012-05-21,0.0,29.39,11.6,1,0,0,0,0,0,0,0,0
2012-05-22,0.0,29.28,6.1,5,0,0,0,0,0,0,0,0
2012-05-23,0.0,29.1,6.6,16,0,0,0,0,0,0,0,0
2012-05-24,0.0,28.97,17.5,18,0,0,0,0,0,0,0,0
2012-05-25,0.0,29.31,3.4,3,0,0,0,0,0,0,0,0
2012-05-26,0.005,29.37,9.6,7,0,1,0,0,0,0,0,0
2012-05-27,0.0,29.16,8.7,18,0,0,0,0,0,0,0,0
2012-05-28,0.005,29.03,13.4,22,0,0,0,0,0,0,0,0
2012-05-29,0.0,29.1,11.1,28,0,0,0,0,0,0,0,0
2012-05-30,0.0,29.22,5.4,36,0,0,0,0,0,0,0,0
2012-05-31,1.12,29.2,10.3,4,0,1,0,1,0,0,0,0
2012-06-01,0.01,29.07,7.3,36,0,1,0,0,0,0,0,0
2012-06-02,0.0,29.03,10.6,26,0,0,0,0,0,0,0,0
2012-06-03,0.005,29.1,9.5,28,0,0,0,0,0,0,0,0
2012-06-04,0.005,29.18,7.5,4,0,0,0,0,0,0,0,0
2012-06-05,0.0,29.29,8.9,4,0,0,0,0,0,0,0,0
2012-06-06,0.0,29.36,6.2,4,0,0,0,0,0,0,0,0
2012-06-07,0.0,29.38,2.2,10,0,0,0,0,0,0,0,0
2012-06-08,0.0,29.26,7.2,25,0,0,0,0,0,0,0,0
2012-06-09,0.0,29.18,9.3,22,0,0,0,0,0,0,0,0
2012-06-10,0.0,29.2,11.9,19,0,0,0,0,0,0,0,0
2012-06-11,0.005,29.12,8.9,23,0,1,0,0,0,0,0,0
2012-06-12,0.0,29.34,7.0,33,0,0,0,0,0,0,0,0
2012-06-13,0.0,29.43,7.2,8,0,0,0,0,0,0,0,0
2012-06-14,0.0,29.34,7.9,13,0,0,0,0,0,0,0,0
2012-06-15,0.0,29.33,8.2,16,0,0,0,0,0,0,0,0
2012-06-16,0.31,29.23,10.0,20,0,1,0,1,0,0,0,0
2012-06-17,0.11,29.13,5.7,23,0,1,0,1,0,0,0,0
2012-06-18,0.0,29.03,16.8,21,0,0,0,0,0,0,0,0
2012-06-19,0.0,29.21,14.9,21,0,0,0,0,0,0,0,0
2012-06-20,0.0,29.22,15.2,21,0,0,0,0,0,0,0,0
2012-06-21,0.01,29.21,7.5,27,0,1,0,0,0,0,0,0
2012-06-22,0.0,29.26,2.6,34,0,0,0,0,0,0,0,0
2012-06-23,0.0,29.28,3.2,8,0,0,0,0,0,0,0,0
2012-06-24,0.0,29.25,3.1,4,0,0,0,0,0,0,0,0
2012-06-25,0.0,29.35,13.6,4,0,0,0,0,0,0,0,0
2012-06-26,0.0,29.27,3.5,9,0,0,0,0,0,0,0,0
2012-06-27,0.0,29.13,12.1,20,0,0,0,0,0,0,0,0
2012-06-28,0.04,29.08,6.4,26,0,0,1,0,0,0,1,0
2012-06-29,0.42,29.16,2.4,4,0,1,0,0,0,0,1,1
2012-06-30,0.0,29.11,6.0,24,0,0,0,0,0,0,0,0
2012-07-01,0.005,29.23,3.1,23,0,0,0,0,0,0,0,0
2012-07-02,0.0,29.21,4.4,23,0,0,1,1,0,0,0,0
2012-07-03,0.0,29.13,9.4,25,0,0,0,0,0,0,0,0
2012-07-04,0.0,29.15,9.4,25,0,0,0,0,0,0,0,0
2012-07-05,0.28,29.2,5.5,24,0,0,0,0,0,0,1,0
2012-07-06,0.0,29.21,6.5,27,0,0,0,0,0,0,0,0
2012-07-07,0.0,29.26,7.9,2,0,0,0,0,0,0,0,0
2012-07-08,0.0,29.34,11.3,3,0,0,0,0,0,0,0,0
2012-07-09,0.0,29.33,4.7,5,0,0,0,0,0,0,0,0
2012-07-10,0.0,29.39,9.9,4,0,0,0,0,0,0,0,0
2012-07-11,0.0,29.39,5.8,9,0,0,0,0,0,0,0,0
2012-07-12,0.0,29.35,6.4,11,0,0,0,0,0,0,0,0
2012-07-13,0.28,29.31,3.4,15,0,1,0,1,0,0,1,1
2012-07-14,0.005,29.3,2.0,25,0,0,0,0,0,0,0,0
2012-07-15,0.0,29.29,2.2,27,0,0,0,0,0,0,0,0
2012-07-16,0.0,29.19,7.1,24,0,0,0,0,0,0,0,0
2012-07-17,0.0,29.13,8.6,26,0,0,0,0,0,0,0,0
2012-07-18,0.85,29.18,6.0,6,0,1,0,1,0,0,1,1
2012-07-19,0.8,29.2,5.2,4,0,1,0,1,0,0,1,0
2012-07-20,0.0,29.34,9.5,4,0,0,0,0,0,0,0,0
2012-07-21,0.0,29.34,4.3,24,0,0,0,0,0,0,0,0
2012-07-22,0.005,29.31,5.9,21,0,0,0,0,0,0,0,0
2012-07-23,0.005,29.2,9.8,24,0,1,0,0,0,0,0,0
2012-07-24,0.54,29.24,6.6,5,0,1,0,0,0,0,1,0
2012-07-25,0.01,28.99,9.3,20,0,1,0,0,0,0,0,0
2012-07-26,0.71,29.0,6.4,25,0,1,0,0,0,0,1,0
2012-07-27,0.03,29.17,5.4,34,0,0,0,0,0,0,0,0
2012-07-28,0.0,29.38,6.2,6,0,0,0,0,0,0,0,0
2012-07-29,0.005,29.31,4.4,15,0,1,0,0,0,0,0,0
2012-07-30,0.0,29.19,5.7,21,0,0,0,0,0,0,0,0
2012-07-31,0.16,29.21,4.2,6,0,0,0,0,0,0,0,0
2012-08-01,0.0,29.19,1.7,19,0,0,0,0,0,0,0,0
2012-08-02,0.0,29.13,1.5,11,0,0,0,0,0,0,0,0
2012-08-03,0.0,29.16,4.9,7,0,0,0,1,0,0,0,0
2012-08-04,0.37,29.15,3.8,20,0,0,0,0,0,0,1,1
2012-08-05,0.0,29.35,7.0,31,0,0,0,0,0,0,0,0
2012-08-06,0.0,29.35,3.2,24,0,0,0,0,0,0,0,0
2012-08-07,0.0,29.21,7.0,25,0,0,0,0,0,0,0,0
2012-08-08,0.005,29.24,8.3,5,0,1,0,0,0,0,0,0
2012-08-09,0.05,29.16,7.3,4,0,1,0,1,0,0,0,0
2012-08-10,0.18,29.2,13.2,36,0,1,0,1,0,0,1,0
2012-08-11,0.0,29.26,6.5,35,0,0,0,0,0,0,0,0
2012-08-12,0.005,29.27,3.4,22,0,0,0,0,0,0,0,0
2012-08-13,0.4,29.24,0.3,2,0,1,0,1,0,0,0,0
2012-08-14,0.005,29.2,0.6,6,0,0,0,1,0,0,0,0
2012-08-15,0.005,29.19,5.7,23,0,0,0,0,0,0,0,0
2012-08-16,0.39,29.13,7.0,25,0,0,0,1,0,0,1,0
2012-08-17,0.0,29.27,4.9,33,0,0,0,0,0,0,0,0
2012-08-18,0.0,29.26,2.6,14,0,0,0,0,0,0,0,0
2012-08-19,0.0,29.22,1.5,7,0,0,0,0,0,0,0,0
2012-08-20,0.08,29.25,3.5,5,0,1,0,0,0,0,1,0
2012-08-21,0.0,29.35,2.6,13,0,0,0,0,0,0,0,0
2012-08-22,0.0,29.35,5.5,19,0,0,0,0,0,0,0,0
2012-08-23,0.03,29.33,7.6,18,0,1,0,0,0,0,0,0
2012-08-24,0.0,29.28,8.2,19,0,0,0,0,0,0,0,0
2012-08-25,0.0,29.29,7.4,18,0,0,0,0,0,0,0,0
2012-08-26,0.57,29.29,6.1,18,0,1,0,1,0,0,0,0
2012-08-27,0.0,29.33,4.6,1,0,0,0,1,0,0,0,0
2012-08-28,0.0,29.37,3.6,7,0,0,0,0,0,0,0,0
2012-08-29,0.0,29.33,4.8,13,0,0,0,0,0,0,0,0
2012-08-30,0.0,29.28,10.2,20,0,0,0,0,0,0,0,0
2012-08-31,0.0,29.32,4.9,24,0,0,0,0,0,0,0,0
2012-09-01,0.005,29.29,12.1,5,0,1,0,0,0,0,0,0
2012-09-02,0.005,29.19,10.4,6,0,0,0,0,0,0,0,0
2012-09-03,0.0,29.17,4.6,6,0,0,0,1,0,0,0,0
2012-09-04,0.64,29.13,2.8,7,0,1,0,1,0,0,1,0
2012-09-05,0.16,29.11,3.3,23,0,1,0,0,0,0,0,0
2012-09-06,0.0,29.18,3.2,34,0,0,0,0,0,0,0,0
2012-09-07,0.06,29.11,4.7,34,0,1,0,1,0,0,0,0
2012-09-08,0.28,29.14,9.5,31,0,1,0,0,0,0,0,0
2012-09-09,0.0,29.35,8.1,35,0,0,0,0,0,0,0,0
2012-09-10,0.0,29.42,5.9,19,0,0,0,0,0,0,0,0
2012-09-11,0.0,29.38,11.1,20,0,0,0,0,0,0,0,0
2012-09-12,0.0,29.4,10.0,21,0,0,0,0,0,0,0,0
2012-09-13,0.19,29.54,8.7,36,0,1,0,0,0,0,0,0
2012-09-14,0.0,29.57,6.6,30,0,0,0,0,0,0,0,0
2012-09-15,0.0,29.47,1.7,17,0,0,0,0,0,0,0,0
2012-09-16,0.0,29.3,4.7,22,0,0,0,0,0,0,0,0
2012-09-17,0.26,29.1,4.8,26,0,1,0,1,0,0,1,0
2012-09-18,0.005,29.21,11.8,33,0,0,0,0,0,0,0,0
2012-09-19,0.0,29.19,15.9,20,0,0,0,0,0,0,0,0
2012-09-20,0.0,29.16,8.4,28,0,0,0,0,0,0,0,0
2012-09-21,0.15,29.13,1.9,29,0,1,0,0,0,0,0,0
2012-09-22,0.02,29.29,10.3,29,0,1,0,0,0,0,0,0
2012-09-23,0.0,29.49,6.2,30,0,0,0,0,0,0,0,0
2012-09-24,0.0,29.28,11.3,23,0,0,0,0,0,0,0,0
2012-09-25,0.0,29.13,8.6,21,0,0,0,0,0,0,0,0
2012-09-26,0.0,29.34,9.4,3,0,0,0,0,0,0,0,0
2012-09-27,0.0,29.44,8.3,36,0,0,0,0,0,0,0,0
2012-09-28,0.005,29.4,7.5,1,0,1,0,0,0,0,0,0
2012-09-29,0.0,29.29,2.4,34,0,0,0,0,0,0,0,0
2012-09-30,0.0,29.23,7.2,3,0,0,0,0,0,0,0,0
2012-10-01,0.0,29.13,3.8,6,0,0,0,0,0,0,0,0
2012-10-02,0.0,29.15,9.6,3,0,0,0,0,0,0,0,0
2012-10-03,0.26,29.23,2.8,22,0,1,0,1,0,1,0,0
2012-10-04,0.12,29.31,10.1,24,0,1,0,0,0,0,0,0
2012-10-05,0.0,29.36,8.4,28,0,0,0,0,0,0,0,0
2012-10-06,0.0,29.41,9.5,30,0,0,0,0,0,0,0,0
2012-10-07,0.0,29.41,6.1,28,0,0,0,0,0,0,0,0
2012-10-08,0.0,29.32,13.9,20,0,0,0,0,0,0,0,0
2012-10-09,0.17,29.15,13.1,22,0,1,0,1,0,0,0,0
2012-10-10,0.0,29.36,12.1,28,0,0,0,0,0,0,0,0
2012-10-11,0.02,29.4,9.0,23,0,1,0,0,0,0,0,0
2012-10-12,0.005,29.61,6.1,7,0,0,0,0,0,0,0,0
2012-10-13,0.21,29.18,11.9,20,0,1,0,1,0,1,0,0
2012-10-14,0.77,28.89,10.8,24,0,1,0,1,0,0,1,0
2012-10-15,0.0,29.21,5.4,32,0,0,0,0,0,0,0,0
2012-10-16,0.0,28.97,14.0,18,0,0,0,0,0,0,0,0
2012-10-17,0.51,28.71,15.6,19,0,1,0,1,0,0,0,0
2012-10-18,0.07,28.71,13.7,22,0,1,0,0,0,0,0,0
2012-10-19,0.02,28.81,4.2,26,0,1,0,0,0,1,0,0
2012-10-20,0.0,29.1,6.9,27,0,0,0,0,0,0,0,0
2012-10-21,0.0,29.25,6.2,16,0,0,0,0,0,0,0,0
2012-10-22,0.81,29.18,4.0,20,0,1,0,1,0,0,1,0
2012-10-23,0.06,29.18,4.4,16,0,1,0,1,0,0,0,0
2012-10-24,0.0,29.15,11.5,19,0,0,0,0,0,0,0,0
2012-10-25,0.13,29.11,11.8,22,0,1,0,0,0,0,0,0
2012-10-26,0.0,29.54,8.9,34,0,0,0,0,0,0,0,0
2012-10-27,0.0,29.54,9.6,36,0,0,0,0,0,0,0,0
2012-10-28,0.0,29.52,12.8,1,0,0,0,0,0,0,0,0
2012-10-29,0.0,29.43,14.3,36,0,0,0,0,0,0,0,0
2012-10-30,0.0,29.08,19.4,35,0,0,0,0,0,0,0,0
2012-10-31,0.0,29.09,13.5,33,0,0,0,0,0,0,0,0
2013-05-01,0.0,29.36,8.0,18,0,0,0,0,0,0,0,0
2013-05-02,0.11,29.44,15.2,3,0,1,0,0,0,0,0,0
2013-05-03,0.05,29.28,11.2,4,0,1,0,1,0,0,0,0
2013-05-04,0.02,29.26,6.1,6,0,0,0,0,0,0,0,0
2013-05-05,0.005,29.28,8.8,3,0,1,0,0,0,0,0,0
2013-05-06,0.005,29.28,7.5,3,0,0,0,0,0,0,0,0
2013-05-07,0.0,29.28,4.7,5,0,0,0,0,0,0,0,0
2013-05-08,0.0,29.26,3.7,7,0,0,0,0,0,0,0,0
2013-05-09,0.32,29.15,1.0,9,0,1,0,0,0,0,0,0
2013-05-10,0.13,29.18,9.4,36,0,1,0,1,0,1,0,0
2013-05-11,0.0,29.21,10.1,30,0,0,0,0,0,0,0,0
2013-05-12,0.0,29.35,7.8,32,0,0,0,0,0,0,0,0
2013-05-13,0.0,29.34,2.5,9,0,0,0,0,0,0,0,0
2013-05-14,0.0,28.98,8.4,22,0,0,0,0,0,0,0,0
2013-05-15,0.0,29.07,3.2,28,0,0,0,0,0,0,0,0
2013-05-16,0.0,29.2,4.1,7,0,0,0,0,0,0,0,0
2013-05-17,0.005,29.29,6.1,4,0,0,0,0,0,0,0,0
2013-05-18,0.0,29.26,5.3,12,0,0,0,0,0,0,0,0
2013-05-19,0.0,29.12,6.2,14,0,0,1,1,0,0,0,0
2013-05-20,1.09,29.03,12.6,22,0,1,0,1,0,0,1,0
2013-05-21,0.56,28.96,11.2,20,0,1,0,1,0,0,0,0
2013-05-22,1.35,28.97,4.5,25,0,1,0,1,0,0,0,1
2013-05-23,0.06,29.38,14.5,2,0,1,0,1,0,0,0,0
2013-05-24,0.0,29.62,7.5,4,0,0,0,0,0,0,0,0
2013-05-25,0.0,29.59,4.7,5,0,0,0,0,0,0,0,0
2013-05-26,0.02,29.47,5.5,9,0,1,0,0,0,0,0,0
2013-05-27,0.23,29.21,8.5,9,0,0,1,1,0,1,1,0
2013-05-28,0.2,29.06,8.7,21,0,1,0,1,0,0,1,0
2013-05-29,0.01,29.16,7.3,20,0,0,0,0,0,0,0,0
2013-05-30,0.51,29.13,13.4,19,0,1,0,0,0,0,1,0
2013-05-31,0.3,29.05,11.7,20,0,1,0,1,0,0,0,0
2013-06-01,0.56,28.98,13.1,22,0,1,0,1,0,0,0,0
2013-06-02,0.01,29.24,1.8,5,0,1,0,1,0,1,0,0
2013-06-03,0.0,29.34,3.7,12,0,0,0,0,0,0,0,0
2013-06-04,0.0,29.39,5.3,7,0,0,0,0,0,0,0,0
2013-06-05,0.01,29.24,6.8,5,0,1,0,0,0,0,0,0
2013-06-06,0.15,29.18,8.9,3,0,1,0,0,0,0,0,0
2013-06-07,0.005,29.2,9.5,3,0,0,0,0,0,0,0,0
2013-06-08,0.0,29.25,4.7,7,0,0,0,0,0,0,0,0
2013-06-09,0.01,29.15,6.0,15,0,1,0,0,0,0,0,0
2013-06-10,0.26,29.08,2.7,4,0,1,1,1,0,0,1,0
2013-06-11,0.005,29.13,3.2,25,0,1,0,1,0,0,0,0
2013-06-12,0.75,29.0,3.1,8,0,0,0,1,0,0,1,1
2013-06-13,0.0,29.23,11.7,3,0,0,0,1,0,0,0,0
2013-06-14,0.0,29.34,6.6,6,0,0,0,0,0,0,0,0
2013-06-15,0.17,29.21,5.6,21,0,1,0,1,0,0,0,0
2013-06-16,0.0,29.16,8.3,27,0,0,0,0,0,0,0,0
2013-06-17,0.03,29.18,3.9,29,0,0,0,0,0,0,0,0
2013-06-18,0.0,29.31,11.4,3,0,0,0,1,0,0,0,0
2013-06-19,0.0,29.39,5.9,8,0,0,0,0,0,0,0,0
2013-06-20,0.0,29.38,5.1,12,0,0,0,0,0,0,0,0
2013-06-21,0.79,29.34,7.4,19,0,1,0,1,0,0,0,0
2013-06-22,0.04,29.3,3.1,22,0,1,0,0,0,0,0,0
2013-06-23,0.84,29.26,10.7,20,0,1,0,0,0,0,0,0
2013-06-24,0.18,29.25,8.9,23,0,0,0,1,0,0,0,0
2013-06-25,0.03,29.13,4.5,19,0,0,0,0,0,0,1,0
2013-06-26,1.48,29.05,2.2,16,0,1,0,1,0,0,1,0
2013-06-27,0.92,29.01,7.2,29,0,0,0,1,0,0,0,0
2013-06-28,0.005,28.91,10.5,31,0,1,0,0,0,0,0,0
2013-06-29,0.0,28.97,12.0,2,0,0,0,1,0,0,0,0
2013-06-30,0.0,29.2,13.8,2,0,0,0,0,0,0,0,0
2013-07-01,0.0,29.31,12.6,3,0,0,0,0,0,0,0,0
2013-07-02,0.005,29.33,11.0,3,0,0,0,0,0,0,0,0
2013-07-03,0.02,29.32,2.2,2,0,0,1,1,0,1,0,0
2013-07-04,0.0,29.34,4.4,20,0,0,0,1,0,0,0,0
2013-07-05,0.0,29.33,3.7,19,0,0,0,0,0,0,0,0
2013-07-06,0.0,29.29,4.1,19,0,0,0,0,0,0,0,0
2013-07-07,0.0,29.26,6.6,21,0,0,0,0,0,0,0,0
2013-07-08,0.5,29.24,7.8,23,0,1,0,1,0,0,1,0
2013-07-09,0.005,29.19,6.9,23,0,0,0,1,0,0,0,0
2013-07-10,0.0,29.2,6.0,34,0,0,0,0,0,0,0,0
2013-07-11,0.0,29.36,6.5,3,0,0,0,0,0,0,0,0
2013-07-12,0.0,29.38,4.0,8,0,0,0,0,0,0,0,0
2013-07-13,0.0,29.41,6.8,9,0,0,0,0,0,0,0,0
2013-07-14,0.0,29.47,6.7,9,0,0,0,0,0,0,0,0
2013-07-15,0.09,29.52,4.3,8,0,0,0,0,0,0,0,0
2013-07-16,0.0,29.54,6.4,23,0,0,0,0,0,0,0,0
2013-07-17,0.0,29.51,6.7,26,0,0,0,0,0,0,0,0
2013-07-18,0.005,29.31,7.2,24,0,0,0,0,0,0,0,0
2013-07-19,0.58,29.1,13.3,25,0,0,0,1,0,0,0,1
2013-07-20,0.06,29.17,4.8,1,0,0,0,0,0,0,0,0
2013-07-21,0.01,29.18,2.8,7,0,0,0,0,0,0,0,0
2013-07-22,0.005,29.07,4.9,24,0,1,0,0,0,0,1,0
2013-07-23,0.03,29.15,8.8,2,0,0,0,0,0,0,0,0
2013-07-24,0.0,29.31,7.8,5,0,0,0,0,0,0,0,0
2013-07-25,0.0,29.33,4.1,23,0,0,0,0,0,0,0,0
2013-07-26,0.39,29.21,7.6,22,0,1,0,1,0,0,0,0
2013-07-27,0.0,29.17,9.0,30,0,0,0,0,0,0,0,0
2013-07-28,0.005,29.23,8.7,28,0,1,0,0,0,0,0,0
2013-07-29,0.0,29.41,2.0,1,0,0,0,0,0,0,0,0
2013-07-30,0.04,29.39,4.2,16,0,1,0,0,0,0,0,0
2013-07-31,0.5,29.26,2.2,32,0,1,0,1,0,1,0,0
2013-08-01,0.0,29.23,7.6,30,0,0,0,0,0,0,0,0
2013-08-02,0.63,29.15,4.5,29,0,1,0,1,0,0,0,0
2013-08-03,0.0,29.33,5.8,2,0,0,0,0,0,0,0,0
2013-08-04,0.005,29.42,5.9,6,0,1,0,0,0,0,0,0
2013-08-05,0.07,29.23,6.8,19,0,1,0,0,0,0,0,0
2013-08-06,0.04,29.13,7.2,21,0,0,0,0,0,0,0,0
2013-08-07,0.005,29.14,4.0,30,0,0,0,0,0,0,0,0
2013-08-08,0.0,29.26,8.6,5,0,0,0,0,0,0,0,0
2013-08-09,0.005,29.28,4.7,27,0,0,0,0,0,0,0,0
2013-08-10,0.0,29.5,5.3,5,0,0,0,0,0,0,0,0
2013-08-11,0.01,29.35,2.0,27,0,1,0,0,0,0,0,0
2013-08-12,0.27,29.21,3.5,27,0,1,0,0,0,1,0,0
2013-08-13,0.0,29.37,8.7,3,0,0,0,0,0,0,0,0
2013-08-14,0.0,29.44,3.9,4,0,0,0,0,0,0,0,0
2013-08-15,0.0,29.4,4.2,24,0,0,0,0,0,0,0,0
2013-08-16,0.0,29.44,2.8,4,0,0,0,0,0,0,0,0
2013-08-17,0.0,29.47,5.7,8,0,0,0,0,0,0,0,0
2013-08-18,0.0,29.41,3.7,8,0,0,0,0,0,0,0,0
2013-08-19,0.0,29.34,5.1,25,0,0,0,0,0,0,0,0
2013-08-20,0.0,29.34,7.7,22,0,0,0,0,0,0,0,0
2013-08-21,0.01,29.3,8.6,23,0,1,0,0,0,0,0,0
2013-08-22,0.23,29.36,1.5,23,0,1,0,0,0,0,0,0
2013-08-23,0.0,29.43,6.1,6,0,0,0,1,0,0,0,0
2013-08-24,0.0,29.49,5.3,17,0,0,0,0,0,0,0,0
2013-08-25,0.0,29.46,9.2,22,0,0,0,0,0,0,0,0
2013-08-26,0.0,29.34,9.0,24,0,0,0,0,0,0,0,0
2013-08-27,0.0,29.18,11.7,24,0,0,0,0,0,0,0,0
2013-08-28,0.0,29.26,6.9,3,0,0,0,0,0,0,0,0
2013-08-29,0.0,29.29,3.9,10,0,0,1,1,0,0,0,0
2013-08-30,0.36,29.13,4.4,26,0,0,0,1,0,0,0,0
2013-08-31,0.07,29.1,6.1,5,0,0,0,0,0,0,1,1
2013-09-01,0.14,29.05,4.2,29,0,0,0,0,0,0,0,1
2013-09-02,0.0,29.21,8.1,2,0,0,0,0,0,0,0,0
2013-09-03,0.0,29.32,4.0,30,0,0,0,0,0,0,0,0
2013-09-04,0.0,29.37,6.2,26,0,0,0,0,0,0,0,0
2013-09-05,0.005,29.49,9.0,5,0,0,0,0,0,0,0,0
2013-09-06,0.0,29.38,4.7,20,0,0,0,0,0,0,0,0
2013-09-07,0.01,29.21,5.7,23,0,0,0,0,0,0,0,0
2013-09-08,0.0,29.26,10.5,7,0,0,0,0,0,0,0,0
2013-09-09,0.0,29.15,9.0,20,0,0,0,0,0,0,0,0
2013-09-10,0.0,29.25,12.1,24,0,0,0,0,0,0,0,0
2013-09-11,0.005,29.28,4.2,27,0,0,0,0,0,0,0,0
2013-09-12,0.005,29.28,7.0,35,0,1,0,0,0,0,0,0
2013-09-13,0.0,29.41,10.7,1,0,0,0,0,0,0,0,0
2013-09-14,0.0,29.36,4.7,21,0,0,0,0,0,0,0,0
2013-09-15,0.65,29.34,1.1,2,0,1,0,1,0,0,0,0
2013-09-16,0.0,29.59,9.7,3,0,0,0,0,0,0,0,0
2013-09-17,0.0,29.49,7.0,13,0,0,0,0,0,0,0,0
2013-09-18,0.55,29.26,8.7,18,0,0,0,0,0,0,0,0
2013-09-19,0.84,29.14,8.3,16,0,1,1,1,1,0,1,1
2013-09-20,0.005,29.08,10.1,26,0,0,0,0,0,0,0,0
2013-09-21,0.0,29.17,9.6,33,0,0,0,0,0,0,0,0
2013-09-22,0.0,29.3,6.2,4,0,0,0,0,0,0,0,0
2013-09-23,0.0,29.34,4.9,10,0,0,0,0,0,0,0,0
2013-09-24,0.0,29.26,6.2,10,0,0,0,0,0,0,0,0
2013-09-25,0.0,29.23,4.8,5,0,0,0,0,0,0,0,0
2013-09-26,0.0,29.34,3.8,8,0,0,0,1,0,0,0,0
2013-09-27,0.0,29.38,7.0,13,0,0,0,0,0,0,0,0
2013-09-28,0.2,29.24,10.9,19,0,1,0,1,0,0,0,0
2013-09-29,0.18,29.29,6.0,36,0,1,0,1,0,0,0,0
2013-09-30,0.0,29.21,5.8,19,0,0,0,0,0,0,0,0
2013-10-01,0.0,29.21,12.5,22,0,0,0,1,0,0,0,0
2013-10-02,0.0,29.31,4.7,7,0,0,0,1,0,0,0,0
2013-10-03,0.12,29.19,7.4,19,0,1,0,1,0,1,0,0
2013-10-04,0.005,29.23,2.6,12,0,1,0,1,0,0,0,0
2013-10-05,0.82,29.11,5.2,19,0,0,0,1,0,0,1,0
2013-10-06,0.09,29.02,8.7,25,0,1,0,0,0,0,0,0
2013-10-07,0.005,29.23,6.1,28,0,0,0,0,0,0,0,0
2013-10-08,0.0,29.42,4.7,18,0,0,0,0,0,0,0,0
2013-10-09,0.0,29.45,3.6,12,0,0,0,0,0,0,0,0
2013-10-10,0.0,29.37,2.9,13,0,0,0,1,0,0,0,0
2013-10-11,0.0,29.28,7.3,14,0,0,0,0,0,0,0,0
2013-10-12,0.12,29.32,5.7,21,0,1,0,1,0,0,0,0
2013-10-13,0.0,29.62,5.3,32,0,0,0,0,0,0,0,0
2013-10-14,0.0,29.53,6.6,8,0,0,0,0,0,0,0,0
2013-10-15,0.07,29.14,7.6,19,0,1,0,1,0,0,0,0
2013-10-16,0.005,29.16,10.5,25,0,0,0,0,0,1,0,0
2013-10-17,0.29,29.12,6.1,26,0,1,0,1,0,0,0,0
2013-10-18,0.0,29.18,8.3,26,0,0,0,0,0,0,0,0
2013-10-19,0.01,29.1,8.9,25,0,1,0,0,0,0,0,0
2013-10-20,0.01,29.07,5.1,20,0,1,0,0,0,0,0,0
2013-10-21,0.005,29.19,10.8,27,0,0,0,0,0,0,0,0
2013-10-22,0.005,29.21,5.4,26,0,1,0,0,0,0,0,0
2013-10-23,0.005,29.24,9.2,30,0,0,0,0,0,0,0,0
2013-10-24,0.005,29.45,10.3,30,0,0,0,0,0,0,0,0
2013-10-25,0.0,29.47,10.8,24,0,0,0,0,0,0,0,0
2013-10-26,0.0,29.22,10.9,27,0,0,0,0,0,0,0,0
2013-10-27,0.0,29.28,6.3,23,0,0,0,0,0,0,0,0
2013-10-28,0.0,29.54,9.0,4,0,0,0,0,0,0,0,0
2013-10-29,0.005,29.49,6.1,10,0,0,0,0,0,0,0,0
2013-10-30,0.55,29.22,6.6,15,0,1,1,1,0,0,0,0
2013-10-31,1.04,28.69,9.4,24,0,1,0,1,0,0,0,0
2014-05-01,0.09,29.02,13.5,24,0,1,0,1,0,1,0,0
2014-05-02,0.005,29.03,10.2,24,0,0,0,0,0,0,0,0
2014-05-03,0.0,29.07,13.8,28,0,0,0,0,0,0,0,0
2014-05-04,0.0,29.31,4.8,3,0,0,0,0,0,0,0,0
2014-05-05,0.05,29.26,12.6,5,0,1,0,0,0,0,0,0
2014-05-06,0.0,29.21,12.6,7,0,0,0,0,0,0,0,0
2014-05-07,0.005,29.1,7.5,8,0,0,0,0,0,0,0,0
2014-05-08,0.1,29.08,13.7,21,0,1,0,0,0,0,0,0
2014-05-09,1.03,29.03,13.2,24,0,1,0,1,0,0,0,0
2014-05-10,0.0,29.19,2.9,25,0,0,0,0,0,0,0,0
2014-05-11,0.12,29.19,7.6,16,0,0,0,0,0,0,0,0
2014-05-12,2.09,29.13,6.6,19,0,0,0,1,0,0,1,1
2014-05-13,0.12,29.29,9.5,26,0,1,0,1,0,0,0,0
2014-05-14,0.02,29.36,10.9,2,0,1,0,1,0,0,0,0
2014-05-15,0.19,29.26,10.3,1,0,1,0,0,0,0,0,0
2014-05-16,0.1,29.33,4.9,6,0,1,0,0,0,1,0,0
2014-05-17,0.0,29.4,7.7,26,0,0,0,1,0,0,0,0
2014-05-18,0.0,29.47,9.8,22,0,0,0,0,0,0,0,0
2014-05-19,0.005,29.34,12.7,16,0,1,0,0,0,0,0,0
2014-05-20,0.82,29.12,9.9,20,0,1,0,1,0,0,1,1
2014-05-21,0.01,29.16,4.4,31,0,1,1,1,0,0,0,0
2014-05-22,0.0,29.36,4.0,5,0,0,0,0,0,0,0,0
2014-05-23,0.0,29.47,6.2,5,0,0,0,0,0,0,0,0
2014-05-24,0.0,29.44,3.9,6,0,0,0,0,0,0,0,0
2014-05-25,0.0,29.35,2.3,15,0,0,0,0,0,0,0,0
2014-05-26,0.0,29.25,5.9,21,0,0,0,0,0,0,0,0
2014-05-27,0.21,29.21,5.3,25,0,1,0,1,0,0,0,0
2014-05-28,0.03,29.29,9.1,4,0,1,0,1,0,0,0,0
2014-05-29,0.0,29.38,8.4,5,0,0,0,0,0,0,0,0
2014-05-30,0.0,29.44,6.1,6,0,0,0,0,0,0,0,0
2014-05-31,0.0,29.39,5.8,12,0,0,0,0,0,0,0,0
2014-06-01,0.005,29.24,12.9,18,0,0,0,0,0,0,0,0
2014-06-02,0.14,29.11,13.2,22,0,1,0,0,0,0,0,0
2014-06-03,0.0,29.18,7.2,28,0,0,0,0,0,0,0,0
2014-06-04,0.19,29.13,7.8,6,0,1,0,1,0,0,0,0
2014-06-05,0.0,29.23,5.0,6,0,0,0,0,0,0,0,0
2014-06-06,0.0,29.26,3.9,11,0,0,0,0,0,0,0,0
2014-06-07,0.08,29.18,3.3,9,0,1,0,0,0,0,0,0
2014-06-08,0.23,29.28,13.9,2,0,1,0,0,0,0,0,0
2014-06-09,0.0,29.24,7.7,4,0,0,0,0,0,0,0,0
2014-06-10,1.26,29.12,10.0,3,0,1,0,1,0,0,0,0
2014-06-11,0.52,29.0,6.4,34,0,1,0,1,0,1,0,0
2014-06-12,0.005,29.08,8.6,27,0,0,0,1,0,1,0,0
2014-06-13,0.0,29.26,6.4,31,0,0,0,0,0,0,0,0
2014-06-14,0.0,29.31,7.8,17,0,0,0,0,0,0,0,0
2014-06-15,0.0,29.17,14.3,19,0,0,0,0,0,0,0,0
2014-06-16,0.0,29.24,7.4,21,0,0,0,0,0,0,0,0
2014-06-17,0.005,29.15,9.1,22,0,1,0,0,0,0,0,0
2014-06-18,0.65,29.24,2.0,23,0,0,1,1,0,0,1,1
2014-06-19,0.32,29.33,6.0,7,0,0,1,1,0,0,1,0
2014-06-20,0.01,29.23,2.6,30,0,0,1,1,0,0,0,0
2014-06-21,1.28,29.21,0.7,17,0,1,0,1,0,0,0,0
2014-06-22,0.0,29.16,4.4,7,0,0,1,1,0,0,0,0
2014-06-23,0.05,29.11,2.9,22,0,1,0,1,0,0,0,0
2014-06-24,0.41,29.15,0.8,36,0,1,0,0,0,0,1,0
2014-06-25,0.005,29.28,6.8,4,0,0,1,1,1,0,0,0
2014-06-26,0.0,29.34,6.2,5,0,0,1,1,0,0,0,0
2014-06-27,0.005,29.28,7.9,16,0,0,1,1,1,0,0,0
2014-06-28,0.0,29.23,11.8,18,0,0,0,0,0,0,0,0
2014-06-29,0.07,29.2,12.3,21,0,1,0,0,0,0,0,0
2014-06-30,2.6,29.05,6.3,20,0,1,0,0,0,0,1,1
2014-07-01,0.005,29.02,12.3,24,0,1,0,0,0,0,0,0
2014-07-02,0.12,29.23,5.3,30,0,1,1,1,0,1,0,0
2014-07-03,0.07,29.41,2.2,30,0,1,0,0,0,0,0,0
2014-07-04,0.0,29.54,2.9,6,0,0,1,0,0,0,0,0
2014-07-05,0.005,29.41,8.0,21,0,1,1,0,0,0,0,0
2014-07-06,0.0,29.1,11.8,22,0,0,0,0,0,0,0,0
2014-07-07,0.63,29.0,6.9,27,0,0,0,0,0,0,1,0
2014-07-08,0.54,29.01,10.9,28,0,0,0,0,0,0,1,0
2014-07-09,0.0,29.25,6.8,32,0,0,0,0,0,0,0,0
2014-07-10,0.0,29.42,4.1,10,0,0,0,0,0,0,0,0
2014-07-11,0.01,29.42,5.1,18,0,1,0,0,0,0,0,0
2014-07-12,0.47,29.23,9.1,20,0,1,0,1,0,0,0,0
2014-07-13,0.01,29.18,8.9,28,0,0,0,0,0,0,0,0
2014-07-14,0.2,29.11,7.3,31,0,0,0,0,0,0,0,0
2014-07-15,0.05,29.21,10.0,30,0,1,0,0,0,0,0,0
2014-07-16,0.0,29.29,3.3,2,0,0,0,0,0,0,0,0
2014-07-17,0.0,29.37,3.0,12,0,0,0,0,0,0,0,0
2014-07-18,0.0,29.39,5.7,14,0,0,0,0,0,0,0,0
2014-07-19,0.0,29.33,4.2,11,0,0,1,0,0,0,0,0
2014-07-20,0.0,29.31,4.0,22,0,0,0,0,0,0,0,0
2014-07-21,0.0,29.34,6.9,20,0,0,0,0,0,0,0,0
2014-07-22,0.01,29.27,8.3,22,0,0,0,0,0,0,0,1
2014-07-23,0.0,29.41,15.7,2,0,0,0,0,0,0,0,0
2014-07-24,0.0,29.39,6.2,5,0,0,0,0,0,0,0,0
2014-07-25,0.005,29.24,8.4,21,0,0,0,0,0,0,0,0
2014-07-26,0.0,29.1,3.9,24,0,0,0,0,0,0,0,0
2014-07-27,0.02,29.08,12.2,30,0,1,1,1,0,0,0,0
2014-07-28,0.0,29.33,9.2,36,0,0,0,0,0,0,0,0
2014-07-29,0.01,29.28,8.4,30,0,0,0,0,0,0,0,0
2014-07-30,0.0,29.29,2.2,33,0,0,0,0,0,0,0,0
2014-07-31,0.0,29.3,8.0,26,0,0,0,0,0,0,0,0
2014-08-01,0.15,29.34,2.4,22,0,0,0,0,0,0,0,0
2014-08-02,0.0,29.4,1.6,4,0,0,0,0,0,0,0,0
2014-08-03,0.0,29.38,4.5,26,0,0,0,0,0,0,0,0
2014-08-04,2.76,29.34,0.4,33,0,1,0,1,0,0,1,0
2014-08-05,0.005,29.31,4.8,3,0,0,1,1,0,0,0,0
2014-08-06,0.0,29.34,5.1,3,0,0,0,0,0,0,0,0
2014-08-07,0.0,29.34,8.3,8,0,0,0,0,0,0,0,0
2014-08-08,0.0,29.34,10.1,7,0,0,0,0,0,0,0,0
2014-08-09,0.0,29.34,8.6,6,0,0,0,0,0,0,0,0
2014-08-10,0.0,29.28,7.7,4,0,0,0,0,0,0,0,0
2014-08-11,0.85,29.11,4.4,32,0,1,0,1,0,0,1,0
2014-08-12,0.07,29.17,11.2,32,0,1,0,0,0,0,0,0
2014-08-13,0.0,29.29,4.6,31,0,0,0,0,0,0,0,0
2014-08-14,0.0,29.35,7.0,5,0,0,0,0,0,0,0,0
2014-08-15,0.0,29.28,5.2,24,0,0,0,0,0,0,0,0
2014-08-16,0.0,29.2,7.9,24,0,0,0,0,0,0,0,0
2014-08-17,0.005,29.23,7.9,3,0,0,1,1,0,1,0,0
2014-08-18,0.0,29.12,2.8,22,0,0,1,1,0,0,0,0
2014-08-19,0.09,29.02,9.2,24,0,1,0,0,0,0,0,0
2014-08-20,0.0,29.17,7.4,25,0,0,0,0,0,0,0,0
2014-08-21,0.98,29.21,2.8,18,0,1,0,1,0,0,1,0
2014-08-22,1.58,29.21,3.4,23,0,1,0,1,0,0,1,0
2014-08-23,0.34,29.25,2.6,7,0,1,1,1,0,0,0,1
2014-08-24,0.0,29.26,6.6,12,0,0,0,0,0,0,0,0
2014-08-25,0.01,29.28,3.0,18,0,0,0,1,0,0,1,0
2014-08-26,0.12,29.34,1.8,36,0,0,0,0,0,0,0,0
2014-08-27,0.0,29.4,5.9,5,0,0,0,0,0,0,0,0
2014-08-28,0.005,29.35,7.6,8,0,1,0,0,0,0,0,0
2014-08-29,0.08,29.19,10.7,17,0,0,0,0,0,0,0,0
2014-08-30,0.27,29.15,10.7,23,0,0,0,0,0,0,0,0
2014-08-31,0.0,29.18,5.7,21,0,0,1,1,0,0,0,0
2014-09-01,0.36,29.07,10.7,22,0,1,0,0,0,0,0,0
2014-09-02,0.01,29.18,5.4,28,0,1,0,0,0,0,0,0
2014-09-03,0.0,29.26,5.3,20,0,0,0,0,0,0,0,0
2014-09-04,0.26,29.21,11.4,20,0,1,0,0,0,0,0,0
2014-09-05,0.5,29.27,7.8,27,0,1,0,0,0,0,0,1
2014-09-06,0.0,29.42,7.1,33,0,0,0,0,0,0,0,0
2014-09-07,0.0,29.44,1.0,12,0,0,0,0,0,0,0,0
2014-09-08,0.0,29.33,6.0,17,0,0,0,0,0,0,0,0
2014-09-09,0.01,29.18,7.2,18,0,1,0,0,0,0,0,0
2014-09-10,1.31,28.97,7.3,25,0,1,0,1,0,0,0,0
2014-09-11,0.0,29.46,9.8,35,0,0,0,0,0,0,0,0
2014-09-12,0.13,29.55,11.7,35,0,1,0,1,0,0,0,0
2014-09-13,0.0,29.59,3.2,33,0,0,0,0,0,0,0,0
2014-09-14,0.0,29.49,4.5,22,0,0,0,0,0,0,0,0
2014-09-15,0.005,29.41,2.2,30,0,1,0,0,0,0,0,0
2014-09-16,0.0,29.41,3.0,30,0,0,0,0,0,0,0,0
2014-09-17,0.0,29.29,0.4,17,0,0,0,0,0,0,0,0
2014-09-18,0.0,29.4,5.5,4,0,0,0,1,0,0,0,0
2014-09-19,0.0,29.31,10.7,18,0,0,0,1,0,0,0,0
2014-09-20,0.12,29.1,9.8,23,0,1,0,0,0,0,0,0
2014-09-21,0.005,29.26,10.5,31,0,1,0,0,0,0,0,0
2014-09-22,0.0,29.52,1.7,31,0,0,0,0,0,0,0,0
2014-09-23,0.0,29.57,1.9,20,0,0,0,0,0,0,0,0
2014-09-24,0.0,29.57,4.3,13,0,0,0,0,0,0,0,0
2014-09-25,0.0,29.52,0.6,11,0,0,0,0,0,0,0,0
2014-09-26,0.0,29.51,3.7,6,0,0,0,1,0,0,0,0
2014-09-27,0.0,29.47,3.1,7,0,0,0,0,0,0,0,0
2014-09-28,0.0,29.38,2.3,6,0,0,1,1,0,0,0,0
2014-09-29,0.01,29.28,5.0,36,0,1,0,1,0,0,0,0
2014-09-30,0.005,29.29,8.8,2,0,0,0,1,0,1,0,0
2014-10-01,0.0,29.22,10.3,13,0,0,0,0,0,0,0,0
2014-10-02,0.32,29.03,7.2,17,0,1,0,1,0,0,1,0
2014-10-03,0.68,28.95,15.1,28,0,1,0,0,0,0,0,0
2014-10-04,0.06,29.0,13.5,26,0,1,0,1,0,1,0,0
2014-10-05,0.01,28.95,8.5,23,0,1,0,0,0,0,0,0
2014-10-06,0.01,28.89,7.9,25,0,0,0,0,0,0,0,0
2014-10-07,0.005,29.0,9.8,25,0,0,0,0,0,0,0,0
2014-10-08,0.0,29.27,11.0,27,0,0,0,0,0,0,0,0
2014-10-09,0.0,29.38,3.4,36,0,0,0,0,0,0,0,0
2014-10-10,0.0,29.43,7.7,2,0,0,0,0,0,0,0,0
2014-10-11,0.0,29.47,2.8,8,0,0,0,0,0,0,0,0
2014-10-12,0.01,29.24,7.9,14,0,1,0,1,0,1,0,0
2014-10-13,0.64,28.97,7.7,14,0,1,0,1,0,1,0,0
2014-10-14,0.65,28.83,3.5,10,0,1,0,1,0,1,0,0
2014-10-15,0.05,29.05,9.5,35,0,1,0,1,0,1,0,0
2014-10-16,0.005,29.02,4.1,24,0,0,0,1,0,1,0,0
2014-10-17,0.005,28.99,11.1,29,0,0,0,0,0,0,0,0
2014-10-18,0.01,29.39,8.2,34,0,1,0,0,0,1,0,0
2014-10-19,0.0,29.31,7.8,21,0,0,0,0,0,0,0,0
2014-10-20,0.01,29.17,4.7,32,0,0,0,0,0,0,0,0
2014-10-21,0.0,29.46,10.8,1,0,0,0,0,0,0,0,0
2014-10-22,0.0,29.56,2.9,8,0,0,0,0,0,0,0,0
2014-10-23,0.0,29.39,7.5,19,0,0,0,1,0,0,0,0
2014-10-24,0.0,29.25,4.4,22,0,0,0,0,0,0,0,0
2014-10-25,0.0,29.21,10.4,29,0,0,0,1,0,0,0,0
2014-10-26,0.0,29.21,0.9,5,0,0,0,0,0,0,0,0
2014-10-27,0.0,28.92,12.0,19,0,0,0,0,0,0,0,0
2014-10-28,0.005,29.15,14.8,26,0,0,0,0,0,0,0,0
2014-10-29,0.0,29.36,9.5,29,0,0,0,0,0,0,0,0
2014-10-30,0.0,29.34,5.1,24,0,0,0,0,0,0,0,0
2014-10-31,0.03,29.49,22.6,34,0,1,0,0,0,0,0,0
